tweet_index,tweet_id,date,text,phase,emotions,like_count,retweet_count,impression_count,reply_count,gender,org,matched_keywords,gold_problem,gold_emotion,gold_meaning,gpt_avoidance,gpt_confidence,gpt_reasoning
1,1624924753088610309,2023-02-13 00:13:45,@isbankasi Bu depremzede arkadaşın yalan söylediğini mi iddaa ediyosunuz yani bunca görüntüye rağmen? Ne yani sevdikleri enkaz altındayken işi gücü bıraktı iş bankasına nasıl iftira atarım diye mi uğraştı? Yazıklar olsun bi daha kapınızdan geçmem,3,['ofke'],0,0,90,0,male,person,['enkaz'],0,1,1,0,high,"Tweet, duygusal bir tepki ve sorumluluk atfı içeriyor; öfke ve hayal kırıklığı ifade ediliyor."
2,1623460560443408387,2023-02-08 23:15:34,"İLETİŞİM:05318359414

ENKAZ ALTINDA FATİH BAŞEĞMEZ, PRO EKİP YOK, EKİPLER GELİP GİDİYOR, KÖPEK KOKLADI BURADA CANLI VAR DEDİ, BİR EKİP SES OLDUĞUNU TEYİT ETTİ BU AKŞAM

İSKENDERUN HATAY MEYDAN MH YAŞAR DOĞU CADDESİ SAHİL APARTMANI B BLOK @AFADBaskanlik @AKUT_Dernegi @ahbap",1,['notr'],8,8,422,0,male,org,"['enkaz', 'AFAD']",1,0,0,0,high,"Tweet, enkaz altında kalan bir kişi için iletişim bilgisi ve konum paylaşarak yardım çağrısında bulunuyor, bu da problem odaklı başa çıkma stratejisine girer."
3,1624929119464042501,2023-02-13 00:31:06,@zgizemyz @dlraa16 @Istanbul2423 Son durum nedir? İki gün enkaz başında takip ettik fakat sonuç çıkmadı bir türlü ulaşamadılar.,3,"['kaygi', 'uzuntu']",0,0,146,1,male,person,['enkaz'],0,1,0,0,medium,"Tweet, çaresizlik ve endişe duygularını ifade ediyor."
4,1623472288581537793,2023-02-09 00:02:10,Şükürler olsun 71.saatte Bekir amca enkazdan çıkarıldı https://t.co/j2tVshNRr2,2,['minnet'],15,1,2224,0,male,person,['enkaz'],0,1,0,0,high,"Tweet, duygusal bir ifade olan 'şükürler olsun' ifadesiyle kurtarma sevincini dile getiriyor."
5,1622525541461942273,2023-02-06 09:20:08,"@haluklevent Arkadaşımın ailesi enkaz altında lütfen yardım edin 
Odabaşı mahallesi sarızambak sokak no 3 hatay Antakya",1,['uzuntu'],3,5,397,0,male,person,['enkaz'],1,1,0,0,high,"Tweet, enkaz altında kalan bir aile için yardım çağrısı yaparak pratik çözüm arayışı ve duygusal bir yardım isteği içeriyor."
6,1627824808548237313,2023-02-21 00:17:32,"Amasya ırmak kenarında iki güzel yürekli kardeşimiz depremzedeler için müzik çalıyor. Yüreğinize sağlık 🙏🌸

#amasya #deprem #yardım https://t.co/QZXi2dLAJk",4,"['sevgi', 'uzuntu', 'minnet']",71,6,5899,1,male,org,"['#deprem', 'deprem yardım']",0,1,0,0,high,"Tweet, depremzedeler için müzik çalan kişilere duyulan şükran ve takdiri ifade ediyor."
7,1629564261302140930,2023-02-25 19:29:30,Orta da büyük bir acı ve enkaz var. Madem hepimiz bu ülkenin insanlarıyız. O zaman önce yaralamızı o bu şu demeden birlik içerisinde sarıp bu illeri ayağa kaldırmamız lazım. Ondan sonra kim ne diyorsa ne istiyorsa onu desin. Yapmıyorsanızda bu insanları alet etmeyin yeter aq,4,"['ofke', 'arzu']",4,0,189,1,male,person,['enkaz'],1,1,1,0,high,"Tweet, birlik çağrısı yaparak pratik çözüm öneriyor, duygusal bir acı ifadesi içeriyor ve toplumsal sorumluluk vurgusu yapıyor."
8,1622692461960171525,2023-02-06 20:23:25,Osmaniye de yardımlar çok az yapılıyor. Yapılan eylemler çok yavaş ve yetersiz kalıyor. Kaç saat oldu binadan bir kişi bile çıkartamadınız. Lütfen ya yardım edin artık. İçerde yaşayanlar insalar var bulunamayan insanlar var. #deprem #OsmaniyeDeprem #AFAD #afadosmaniye,1,"['uzuntu', 'ofke']",5,1,582,0,female,person,"['#deprem', 'deprem yardım', 'AFAD']",1,1,0,0,high,"Tweet, yardım çağrısı yaparak pratik çözüm arayışında ve duygusal bir çaresizlik ifadesi içeriyor."
9,1622867760983179266,2023-02-07 08:00:00,"@haluklevent Aşağı banazı mah. Taş ocağı sok. Yeşilyurt/Malatya Dışarı da kalmışlar yardıma ihtiyaçları var donuyorlarmış. Battaniye, ısıtıcı, yemek ihtiyaçları var lütfen acil yardım 🙏🙏🙏 @haluklevent @AFADBaskanlik @AfadMalatya",1,['notr'],1,0,13,0,female,person,['AFAD'],1,0,0,0,high,"Tweet, yardım çağrısı yaparak pratik bir çözüm ve kaynak yönlendirmesi içeriyor."
10,1627823195607662592,2023-02-21 00:11:07,"🌒 #Deprem! #Earthquake! 3.9 Ml, 00:01 UTC on water, Turkey (37.9, 37.31) ± 17 km felt to 100 km (in Kahramanmaraş, Onikişubat, Elbistan, Dulkadiroğlu…) by 2.3 million  https://t.co/zxqYroOBm6",4,['notr'],1,1,452,0,male,org,['#deprem'],1,0,0,0,high,"Tweet, depremle ilgili bilgi paylaşımı yaparak pratik çözüm sunuyor."
11,1622406898870886401,2023-02-06 01:28:42,Erzurum'da çok kötü deprem oldu Rabbim yardımcımız olsun,1,['notr'],0,0,364,0,male,person,['deprem yardım'],0,1,0,0,high,"Tweet, duygusal bir ifade olan 'Rabbim yardımcımız olsun' ifadesiyle korku ve çaresizlik duygularını yansıtıyor."
12,1623472471843262464,2023-02-09 00:02:54,"@OguzhanUgur SUDE NUR DURAN 
MELİHCAN DURAN
KADİR DURAN 
SERAP DURAN 
Turgut Reis Mahallesi Filistin Caddesi Taştı Apartmanı No: 2/2  Adıyaman/Merkez
ENKAZ ALTINDA KALDIKLARI SÖYLENİYOR LÜTFEN YARDIM EDİN",2,['notr'],2,7,503,0,female,person,['enkaz'],1,0,0,0,high,"Tweet, enkaz altında kalan kişilerin adresini vererek yardım çağrısında bulunuyor, bu da problem odaklı başa çıkma kategorisine girer."
13,1627826153493766145,2023-02-21 00:22:53,"Az sonra ölmeyeceğine garantin yoksa eğer  ki yok!

O sebeple Allah tan başka taptığınız ne varsa partinizden, malınızdan, paranızdan, eşinizden,işinizden, takımınızdan,çocuğunuzdan, hırsınızdan vazgeçin kalkın tevbe edin,
 ALLAH deyin!

#Hatay #depremoldu #YardımParalarıNerede",4,['ofke'],0,0,416,0,male,person,"['#deprem', 'deprem yardım']",0,0,1,0,high,"Tweet, dini ve ahlaki bir anlam çıkarma ve sorumluluk atfı yaparak insanları tevbe etmeye çağırıyor."
14,1622405394642395136,2023-02-06 01:22:43,Çok kötü elim ayağım titriyor #deprem,1,['uzuntu'],4,0,612,0,male,person,['#deprem'],0,1,0,0,high,"Tweet, deprem sonrası korku ve çaresizlik gibi duygusal ifadeler içeriyor."
15,1624922004531957763,2023-02-13 00:02:50,"@hilal_kaplan De, ama başında bağırma anasını satayım, enkazdan çıkan afetzedenin etrafında bağırma. Ama sen biliyorsun, bilmiyor olamazsın ama ekmeğin buradan geliyor tabi.",3,['ofke'],0,0,10,0,male,person,['enkaz'],0,0,1,0,high,"Tweet, bir kişiye yönelik eleştiri ve sorumluluk atfı içeriyor, bu da meaning_making kategorisine girer."
16,1627832957959344128,2023-02-21 00:49:55,Soğuk ve #depremoldu yardımı kesmeyelim lütfen #arcelik #Philips #profilo #bosh #kumtel #beko #Sony #fakir #eca #sinbo #Hatay #Adiyaman #Kahramanmaras #kilis #Diyarbakir #adanadepremi #Osmaniye #gaziantepdeprem #sanliurfa #malatyadepremi #elazig https://t.co/koxnK5VxpX,4,['notr'],0,0,8,0,male,person,"['#deprem', '#Gaziantep', 'deprem yardım']",1,0,0,0,high,"Tweet, yardımın kesilmemesi çağrısında bulunarak pratik bir çözüm öneriyor."
17,1627827159346585607,2023-02-21 00:26:53,"Uyumaktan, evde kalmaktan korkar mı insan ? Saatler mi durdu yoksa zaman mı ? Zweig'nin bu sözü aklıma geliyor: ""Yarın ne kadar yakın ve ne kadar sonsuzca uzaktı.""
Sen bize yardım et Allah'ım 🙏

#depremoldu 
#Turkey",4,"['kaygi', 'korku', 'uzuntu']",6,0,390,0,male,person,"['#deprem', 'deprem yardım']",0,1,0,0,high,"Tweet, korku ve çaresizlik gibi duygusal ifadeler içeriyor ve dua ederek yardım talep ediyor."
18,1623319285362790400,2023-02-08 13:54:12,"İl Başkanlığı olarak, il başkanımız ve başkan yardımcılarımız, İl  koordinasyon merkezimizin düzenlediği yardım kampanyasına il ve ilçe teşkilatlarımızın yanı sıra Mardin halkından gelen yardımlar toplanarak depremzedelere ulaştırılmak üzere 2. Yardım tırımızda yola çıkmıştır. https://t.co/NtBp7kFWML",1,['notr'],9,4,1189,0,male,org,['deprem yardım'],1,0,0,0,high,"Tweet, yardım kampanyası ve yardım tırının yola çıkması gibi pratik çözüm ve kaynak yönlendirme bilgisi içeriyor."
19,1624922951530184704,2023-02-13 00:06:35,"Bugün enkazede 3 çocuğu ve karısının cesetlerini enkazda bırakarak çıktı.Evlatlarının ilk anda öldüğünü,acı çekmeden öldükleri içinse şükretti  Rabbm sevdiği kullarını yanına aldı, beni niye almadı anlamdım dedi ve üzüldü.Durdum düşündüm,çok boş yaşıyoruz cok",3,['uzuntu'],8,0,419,0,female,person,['enkaz'],0,1,1,0,high,"Tweet, kaybedilen aile üyeleri için üzüntü ve şükretme gibi duygusal ifadeler içeriyor ve aynı zamanda yaşamın anlamı üzerine düşünmeye yönlendiriyor."
20,1627821434323042305,2023-02-21 00:04:08,"21 Şubat 2023 03:00:59 +03
Başdevrişli, Kahramanmaraş, Türkiye
4.0 M - 3 dk önce
#deprem
https://t.co/CbQO2QvUPp",4,['notr'],3,2,1395,0,male,org,['#deprem'],0,0,0,0,high,"Tweet sadece deprem bilgisi ve konum paylaşımı içeriyor, duygusal veya anlam çıkarma ifadeleri yok."
21,1627823736148705280,2023-02-21 00:13:16,"@OguzhanUgur https://t.co/xEkVDnuDzH Sağlıkçı ve kurtarma yetkilileri sahadalar ve asılsız ihbarlar işimizi engelliyor diyorlar. İhbar hattı @AFADBaskanlik 0312 258 23 23 Santral. 
Sosyal medyadan kime hitaben paylaştığın belli olmayan ileti ile neyin peşindesin, kime yararı var?",4,"['onaylamama', 'ofke']",0,0,15,0,male,person,['AFAD'],1,0,0,0,high,"Tweet, AFAD'ın ihbar hattı numarasını paylaşarak pratik bir çözüm ve bilgi sunuyor."
22,1627822312387903489,2023-02-21 00:07:37,"Ceyhan depreminde Adana'da, Marmara depreminde ise İstanbul'daydım. İnşaat mühendisi olma iradesi sanırım bu depremlerde bilinç altıma yerleşti. Mesleğimi seviyorum fakat mühendisin değil parası olanın konut inşa ettiği bir gerçek var. Kalbim acıyor.
#depremoldu #depremhatay",4,['uzuntu'],3,0,809,0,male,person,['#deprem'],0,1,1,0,high,"Tweet, duygusal bir ifade olan 'Kalbim acıyor' ifadesiyle birlikte, inşaat sektöründeki sorunlara dikkat çekerek toplumsal bir anlam çıkarma yapıyor."
23,1624925114784522240,2023-02-13 00:15:11,"📌İzmie Afet Koordinasyon Merkezindeyiz
10 Şubat 

#Kızılay ve #Kadem derneklerimiz ile birlikte depremzede kardeşlerimiz için çalışmalara devam ediyoruz.
Rabbim zor durumda olan kardeşlerimizin yardımcısı olsun.

#TürkiyeTekYürek 
#DevletMilletElele https://t.co/0Lg3KvzowV",3,"['kaygi', 'umut', 'uzuntu']",13,7,156,0,female,person,['deprem yardım'],1,1,0,0,high,"Tweet, depremzedeler için yapılan çalışmaları ve yardım koordinasyonunu belirtirken, aynı zamanda duygusal bir dua içeriyor."
24,1624925705707347976,2023-02-13 00:17:32,"F-16 ile #UFO (Unidentified Flying Object) vurmuşlar!... 

Yalancının!?? 😀

Sen ışık hızıyla samanyolu dahil bütün galaksiyi 1 dakikada dolaş...

Elin ABD'si senin UFO'ları Huron Gölü üzerinde vursun!
 
Hassiktirin lan...🤣🤣 #UFOshotdown #deprem 
https://t.co/91HbCINnHZ",3,['ofke'],6,1,3005,0,male,person,['#deprem'],0,0,0,1,high,"Tweet, ironi ve mizah kullanarak konuyu hafifletiyor ve depremle ilgili bir durumdan uzaklaşıyor."
25,1623019573573218304,2023-02-07 18:03:15,Hatay Antakyada yıkılmayan tek bir bina dahi yok afadın burdan ayrıldığı söyleniyo akut ekipleri yorgunluktan bitmiş durumda hava karardı insanlar çok çaresiz yardım edin😔#Hatay #Antakya,1,['uzuntu'],21,90,4178,6,male,person,['AFAD'],0,1,0,0,high,"Tweet, çaresizlik ve üzüntü gibi duygusal ifadeler içeriyor."
26,1627822084981137408,2023-02-21 00:06:43,Son dakika Hatay Samandağ deprem #samandag #Erdbeben #earthquake #galatvi #depremoldu #helpmijnmanisklusser #deprem #Hatay #canli #sondakika https://t.co/gGujk6ox3t,4,['notr'],0,2,6619,0,female,org,['#deprem'],0,0,0,0,high,"Tweet sadece depremle ilgili etiketler ve bir link içeriyor, herhangi bir duygusal ifade, anlam çıkarma veya problem çözme içermiyor."
27,1627828532247252993,2023-02-21 00:32:20,"@gercek_imam Sn, Lütfi Kaşıkçı 6 Şubatta meydana gelen depremde Hatay'da evinde enkaz altından ikinci gün çıktı. İlk günden beri Hatay'da ve deprem sonrası enkaz çalışmalarında vardı. Kendisi Doktora yapmış İnşaat mühendisi.  Röportaj yapılan alan kapalı Antrepo. Tepkisi gayet normal.",4,['onaylamama'],4,0,262,2,male,person,['enkaz'],0,0,0,0,medium,"Tweet, bir kişinin deprem sonrası durumu ve tepkisi hakkında bilgi veriyor ancak herhangi bir duygusal ifade, anlam çıkarma veya problem çözme içermiyor."
28,1623472345326268416,2023-02-09 00:02:24,"‼️YENİ SES GELİYOR HALA ACİL RT‼️

Şahinbey Mahallesi  haydaraliyev Caddesi Ebrar sitesi E blok kat3 Onikişubat/Kahramanmaraş 
Tel:0542 280 40 19 Yusuf Dilipak

@DepremDairesi @AFADBaskanlik  @AFADHatay @AKUT_Dernegi @ahbap #AFAD #DEPREM #deprem",2,['notr'],13,44,2266,1,male,person,"['#deprem', 'AFAD']",1,0,0,0,high,"Tweet, enkaz altındaki bir kişiye yardım çağrısı yaparak pratik bir çözüm sunuyor."
29,1622408924228976640,2023-02-06 01:36:45,Çok pis Sallandık  adanam Herkese  büyük Geçmiş olsun #DEPREMOLDU,1,['ofke'],1,0,890,0,male,person,['#deprem'],0,1,0,0,high,"Tweet, deprem sonrası geçmiş olsun dileği ile duygusal bir ifade içeriyor."
30,1624925352886771713,2023-02-13 00:16:08,"@elonmusk Deprem ve uzaylı! Mesaj alındı.
#Deprem #ufotwitter #uzaylılar https://t.co/jPDpojbxWG",3,['notr'],0,0,212,0,male,person,['#deprem'],0,0,0,1,high,"Tweet, depremi uzaylılarla ilişkilendirerek ironi yapıyor ve konuyu hafifletiyor."
31,1627827191181369344,2023-02-21 00:27:00,"Sakince yoruldum … 
Gözlerime belki uyku girmeyecek bu gece ama bu gece kesinlikle unutulmayacak…
#depremoldu 
#samandag 
#mersindeprem  #mersin  #deprem",4,"['kaygi', 'uzuntu']",5,0,1406,0,female,person,['#deprem'],0,1,0,0,high,"Tweet, duygusal bir ifade olan yorgunluk ve unutulmaz bir gece yaşama hissini dile getiriyor."
32,1625958397739761674,2023-02-15 20:41:05,"MERKEZ BANKASI

Milletin malını millete bağışlayan kurum!

Made in AKP

#deprem",3,"['onaylamama', 'ofke']",25,11,977,1,male,person,['#deprem'],0,0,1,0,high,"Tweet, Merkez Bankası üzerinden AKP'ye yönelik eleştiri yaparak ideolojik bir anlam çıkarıyor."
33,1627831079024353280,2023-02-21 00:42:27,"İmitasyon Goebbels: 

""Kasıtlı dezenformasyon faaliyeti yürütülmektedir"" 
#deprem #Hatay https://t.co/eV1I3U5qKG",4,['notr'],12,1,2069,0,male,person,['#deprem'],0,0,1,1,high,"Tweet, ironi ve anlam çıkarma içeriyor; dezenformasyon eleştirisi ve Goebbels benzetmesi yapıyor."
34,1623472349524766722,2023-02-09 00:02:25,Arkadaşlar bu önemli herkese iletin afet bölgelerine gelen yardımlar belli noktalara kadar gelebiliyor bu yardımlardan da belli bir kesim faydalanabiliyor enkaz altında kalanların yakınları binanın başından ayrilmadiklari için faydalanamiyirlar buna mecalleri de yok yardımların+,2,['notr'],3,2,550,1,male,person,['enkaz'],1,0,0,0,high,"Tweet, yardım koordinasyonu ve kaynak yönlendirme ile ilgili bilgi paylaşımı yapmaktadır."
35,1622707288120107008,2023-02-06 21:22:20,Acil destek olur musunuz. Bu bölgeye acil gidebilir mi yakın olan birileri Sercan Şirin kızı ile kurtarılmayı bekliyormuş ve henüz müdahale edilmemiş. #deprem #AFAD #AHBAP https://t.co/0FbpwOKly6,1,['notr'],1,3,598,0,female,person,"['#deprem', 'AFAD']",1,0,0,0,high,"Tweet, yardım çağrısı yaparak pratik bir çözüm arayışında olduğu için problem odaklıdır."
36,1624928574611357696,2023-02-13 00:28:56,@Yusaisback Yaklaşık bu ve bunun gibi 20 hesap gördüm hepsinin paylaşımları aynı @OguzhanUgur veya @BabalaTv hakkında ve hepsi linç kampanyasının bir parçası daha enkaz altında insanlar varken ve bu insanlara elinden geldiğince yardım etmeye çalışanları bari karalamayın vallahi ayıptır ya,3,"['onaylamama', 'ofke']",0,0,68,0,male,person,['enkaz'],0,0,1,0,high,"Tweet, linç kampanyası ve yardım etmeye çalışanların karalanması üzerinden toplumsal bir eleştiri yapıyor."
37,1627831901770612738,2023-02-21 00:45:43,"Dhkp-c, MLKP ve pkk lı bir terörist olduğunu düşündüğüm söz de millet vekilinin vekilliği düşürülüp hesap vermeli. İnsanların ölümüne sebebiyet vermekten yargılanmalı.
#deprem 
@adalet_bakanlik
@TC_icisleri
@bybekirbozdag https://t.co/RViL4LWB9G",4,['ofke'],192,71,2053,0,male,person,['#deprem'],0,0,1,0,high,"Tweet, bir milletvekiline terörist suçlaması yaparak hesap sorulması gerektiğini belirtiyor, bu da sorumluluk atfı ve toplumsal anlam çıkarma içeriyor."
38,1622598073993117699,2023-02-06 14:08:21,"Adıyaman kalesi çevresinde yıkılan binalarin altında kalan kişiler var, afad yok yardım edin lütfen",1,['notr'],9,2,461,1,female,person,['AFAD'],1,1,0,0,high,"Tweet, yardım çağrısı yaparak pratik çözüm arayışında ve duygusal bir yardım talebi içeriyor."
39,1623472352766861315,2023-02-09 00:02:26,"@dedektifjoker Haber doğru. Ancak amaçları enkaz alanlarında altın, para gibi değerli eşyaları çalmak. Neyse ki abim birinin kafasını kırdı. Diğer kişileri de halk dövdü.",2,['notr'],48,3,3553,0,male,person,['enkaz'],0,0,1,0,medium,"Tweet, enkaz alanlarında hırsızlık yapıldığına dair bir iddia ve halkın tepkisini içeriyor, bu da toplumsal bir sorun ve sorumluluk atfı içeriyor."
40,1622677878792982542,2023-02-06 19:25:28,Lütfen çok acil hataya yardım lazım hava çok soğuk yiyecek  yok su yok battaniye yok arama kurtarma ekipleri yok. Enkaz altında çok fazla insan var ve henüz çalışmalar başlamamış durumda. LÜTFEN YAYALIM  #deprem #AFAD #AFADhatay #Hatay,1,['notr'],2,2,245,1,male,person,"['#deprem', 'deprem yardım', 'enkaz', 'AFAD']",1,1,0,0,high,"Tweet, yardım çağrısı yaparak pratik çözüm arayışında ve duygusal bir aciliyet ifade ediyor."
41,1627824309799362561,2023-02-21 00:15:33,@hak_as @AlpErtugrul83 @RTErdogan @murat_kurum @varank @ValiMustafaCftc @crmbelediyesi @AhmetSCeylan @Selcuk @AFADBaskanlik @yusufahlatci Lütfen agaç kolonları da mı görmüyorsunuz:)),4,['notr'],1,0,92,0,male,person,['AFAD'],0,0,0,1,high,"Tweet, ironi yaparak konuyu hafifletmeye çalışıyor."
42,1623271957692092419,2023-02-08 10:46:08,Şükrü Saraçoğlu Stadyumunda hummalı bir şekilde çalışma devam ediyor. Yardım getirecek arkadaşlar lütfen AFAD İHTİYAÇ LİSTESİ haricinde herhangi bir şey getirmeyin. Bilmeyenler için ihtiyaç listesi 👇🏻 https://t.co/3tx4LCKXXv,1,['notr'],51,36,5084,2,male,person,['AFAD'],1,0,0,0,high,"Tweet, AFAD ihtiyaç listesi paylaşarak yardım koordinasyonu ve kaynak yönlendirme yapıyor."
43,1627831856120070145,2023-02-21 00:45:32,"Acı bedeller ödüyoruz ülkece. Tahliye süreci bittiğinde, bölge dizaynı bittiğinde, haritalarda yer değişikliği bittiğinde 'deprem' bitecek. Çünkü doğal değil. Psikolojinizi sağlam tutun. Daha enkazın 40'ı çıkmadan akıllı şehirlerden bahsediliyor. Google maps haritadan siliyor.",4,"['onaylamama', 'uzuntu']",2262,490,193833,63,male,person,['enkaz'],0,0,1,0,high,"Tweet, depremin doğal olmadığını ve sorumluluk atfı yaparak toplumsal bir anlam çıkarma çabası içeriyor."
44,1623472387634126849,2023-02-09 00:02:34,"@alniopulesitivt Hatay/ Antakya Odabaşı mahallesi Uğur Mumcu Bulvarı, Bilge Can Apartmanı 72 saattir haber alınamıyor Acil yardım
Ahlem Kılıçoğlu İki çocuğu ve eşiyle birlikte enkaz altında.. Yardım edin Lütfen @haluklevent @sjw_erlik @jahreindota @OguzhanUgur @BabalaTv @AFADBaskanlik https://t.co/JRcFvwzxNH",2,['notr'],0,0,9,0,male,person,"['enkaz', 'AFAD']",1,0,0,0,high,"Tweet, enkaz altında kalan kişiler için acil yardım çağrısı yaparak pratik bir çözüm sunuyor."
45,1622435830076776448,2023-02-06 03:23:39,"!!!
AFAD UYGULAMASİ UZERİNDEN ENKAZ ALTİNDAYİMA TİKLAMANİZ DURUMUNDA ACİL OLARAK TUM KOORDİNATLARİNİZ AFADA ULAŞIR YAYALIM!

YARDIM EDİN
yıkılan
#DEPREMOLDU 
#deprem 
#Diyarbakir 
#Gaziantep 
#Hatay https://t.co/plxkwan0lK",1,['notr'],2,7,2766,0,male,person,"['#deprem', '#Gaziantep', 'deprem yardım', 'enkaz', 'AFAD']",1,0,0,0,high,"Tweet, AFAD uygulaması üzerinden enkaz altında olanların koordinatlarının paylaşılmasını önererek pratik bir çözüm sunuyor."
46,1622462369363288066,2023-02-06 05:09:07,Diyarbakır iskan evleri nolur yardım edin hala ulaşım sağlayamıyoruz #AFAD #Diyarbakir #deprem #ACİL #sanliurfa,1,['notr'],3,2,690,0,female,person,"['#deprem', 'deprem yardım', 'AFAD']",1,0,0,0,high,"Tweet, yardım çağrısı yaparak pratik bir çözüm arayışında olduğu için problem odaklı başlık altında değerlendirildi."
47,1622413038006542336,2023-02-06 01:53:05,Tüm ülkeyi bu kadar etkileyen bir deprem hiç olmamıştı #DEPREMOLDU,1,['notr'],65,1,3696,2,male,person,['#deprem'],0,0,1,0,high,"Tweet, depremin ülke çapında etkisini vurgulayarak toplumsal bir anlam çıkarıyor."
48,1622414280564801536,2023-02-06 01:58:02,@goandkillthem @DepremDairesi @AFADBaskanlik @trthaber @anadoluajansi Geçmiş olsun allah yardımcınız olsun,1,['ofke'],0,0,1616,0,male,person,"['deprem yardım', 'AFAD']",0,1,0,0,high,"Tweet, 'Geçmiş olsun' ve 'Allah yardımcınız olsun' ifadeleriyle duygusal destek ve iyi dileklerde bulunuyor."
49,1627821326734950400,2023-02-21 00:03:42,"Efendimiz s.a.v Nasılsanız öyle yönetilirsiniz demiş.
Kula kulluk etmeyi bırakıp tevbe edin, var yine kime oy verirseniz verin ama kula kulluk etmeyin kulluk ALLAH a olur...

#depremoldu #kıyamet enes Şubat Ya Tabbi 
Kaderden",4,['kaygi'],0,0,556,0,male,person,['#deprem'],0,0,1,0,high,"Tweet, dini ve ideolojik bir anlam çıkararak sorumluluk atfında bulunuyor."
50,1622405547768037376,2023-02-06 01:23:20,çok kötü sallandık #deprem #Diyarbakır,1,['uzuntu'],1,0,1083,0,male,org,['#deprem'],0,1,0,0,high,"Tweet, deprem sırasında yaşanan korku ve çaresizliği ifade eden duygusal bir tepki içeriyor."
51,1622620840943656961,2023-02-06 15:38:49,"Sizler enkaz altında,bizler ekran karşısında çaresiziz.",1,['uzuntu'],1,0,81,0,male,person,['enkaz'],0,1,0,0,high,"Tweet, çaresizlik duygusunu ifade ettiği için emotion_focused kategorisine girer."
52,1623686071820161025,2023-02-09 14:11:40,"Yeter Yahu Yeter..😡😡😡

Hatay’a yardım gelmiyor diyen İsmail Saymaz’a canlı yayında tepki:

“Provokatörlük yapma,helikopterlere bak”

Bir İnsan Nasıl Bu Kadar Alçalabilir...

Yahu Bu CeHaPe Yalamaları Ne Zaman Adam Olacak 😡😡
#depremsondakika
#AlBütünOylarSeninOlsunKemal https://t.co/e2q9to1xpj",2,['ofke'],53,26,10092,10,male,person,"['#deprem', 'deprem yardım']",0,1,1,0,high,"Tweet, öfke ve hayal kırıklığı gibi duygusal ifadeler içeriyor ve siyasi bir eleştiri yaparak anlam çıkarma çabası gösteriyor."
53,1623471812003635202,2023-02-09 00:00:17,@zainabkaratash 1 tane ülkende ki deprem için twit yok şu Twite bakın hele😡 cok seviyorsan yürü git orda yaşa kardeşim toplamda 15 milyon Türk halkı depremi en acı şekilde yaşadı 10 bin bina çöktü hala enkaz altında binlerce can var sen Suriye güzellemesi yapıyorsun Allah senin yanına birakmsin,2,['ofke'],0,0,59,0,female,person,['enkaz'],0,1,1,0,high,"Tweet, duygusal ifadeler ve sorumluluk atfı içeriyor; öfke ve eleştiri belirgin."
54,1627829871471652865,2023-02-21 00:37:39,@nedenttoldu Ne yapsınlar peki? Herkes yapılmaması gerekeni söylüyor. Ne yapsınlar ? #tcdd seferlere ekleme yapsın bölgeden. Bizim için degil. Kalmadı halleri kalmadı bu insanların #depremoldu #hataydeprem #tcddekseferkoy,4,['ofke'],0,0,233,0,male,person,['#deprem'],1,0,0,0,high,"Tweet, TCDD'nin bölgeden ek seferler koyması gibi pratik bir çözüm önerisi sunuyor."
55,1623472112194228225,2023-02-09 00:01:28,75 Yaşında Bekir Amca 71 Saat sonra olağan üstü çalışma ile enkazdan sağ çıkarıldı. Allah Gönüllü çalışan tüm ekipten razı olsun.,2,['minnet'],1,0,168,0,male,person,['enkaz'],0,1,0,0,high,"Tweet, duygusal bir ifade olan şükran ve dua içeriyor."
56,1622645596430401548,2023-02-06 17:17:12,"🔴ACİL! 
Vilko Sitesi, Belediye evleri Çukurova Adana'da solunum cihazına bağlı yaşayan 2 kardeşimiz için ACİL jeneratör ve benzine ihtiyaç var. Hayati tehlikeleri var.  
 
İrtibat: Ecem , Aysel Doğru : 0543 685 65 95 / 0536 546 97 22 @DepremDairesi @AFADBaskanlik @OguzhanUgur",1,['notr'],9,10,387,1,male,person,['AFAD'],1,0,0,0,high,"Tweet, jeneratör ve benzin ihtiyacı olan kişilere yardım çağrısı yaparak pratik bir çözüm sunuyor."
57,1623472287356792834,2023-02-09 00:02:10,"Enkazdan ses duyuluyor ama ekip yok 
Açık Adres:
‼️KAHRAMANMARAŞ DULKADİROĞLU İLÇESİ ASLAN BEY MAHALLESI 7061 SOKAK GÜNEŞLİ KOCABAŞ SİTESİ‼️

ENKAZ ALTINDA İREM AYYILDIZ

ENKAZ BAŞINDA ABLASI VAR
FATMA AYYILDIZ 05050932449
#iremayyıldız @haluklevent @ahbap @pqueenn @",2,['notr'],6,5,261,0,male,person,['enkaz'],1,0,0,0,high,"Tweet, enkaz koordinatları ve iletişim bilgileri vererek yardım çağrısında bulunuyor, bu nedenle problem odaklıdır."
58,1622406111516041216,2023-02-06 01:25:34,Çok fena salladı #deprem #erzurum #DEPREMOLDU,1,['notr'],8,1,3241,1,male,person,['#deprem'],0,1,0,0,medium,"Tweet, deprem anında yaşanan korku ve şaşkınlığı ifade ediyor."
59,1623472461504184320,2023-02-09 00:02:52,"Avukat Serhan Özdemir ve ailesi Diyarbakır Galeria'da 70 saattir enkaz altında. Umudumuz var, gücümüz kalmadı. Yeterli ekip/ekipan desteği istiyoruz.  @AFADBaskanlik @kizilaydiyarbkr @dbakirvalilik @DepremDairesi",2,['arzu'],7,10,1413,0,female,person,"['enkaz', 'AFAD']",1,1,0,0,high,"Tweet, enkaz altındaki kişilerin kurtarılması için yardım talep ediyor ve duygusal bir ifade içeriyor."
60,1622430395542249472,2023-02-06 03:02:04,Kahramanmaraş Doğukent mahallesi ile Güneşevler mahallesi arasındaki yolu kapatmış durumda içerde 1 anne 3 çocuk olduğu söyleniyor #AFAD #DEPREM #KAHRAMANMARAS https://t.co/DHm2XrwSJO,1,['notr'],20,27,4078,1,male,person,"['#deprem', 'AFAD']",1,0,0,0,high,"Tweet, enkaz altında kalan kişilerin yerini bildirerek yardım koordinasyonu sağlamaya çalışıyor."
61,1627824269857103873,2023-02-21 00:15:24,@uygzey Adana Kıbrıs depremi bekleniyormuş korkuyorum Melike allah yardımcımız olsun,4,"['kaygi', 'korku']",1,0,340,1,male,person,['deprem yardım'],0,1,0,0,high,"Tweet, korku ve dua içeren duygusal ifadeler barındırıyor."
62,1624928783575793664,2023-02-13 00:29:46,"@naber_efendi @OzgurrGundem Onbinlerce insan ölmüş on binlercesi hala enkaz altında kiminin evladı kiminin anası babası gitmiş, yuvaları işleri hayatları gelecekleri yerle bir olmuşken şerefsizler gelip bu insanların rızkına malına mülküne el koyacak cezasını adalet verecek. Kanunda 3-5 yıl ya VİCDANDA⁉️",3,['ofke'],0,0,36,0,male,person,['enkaz'],0,0,1,0,high,"Tweet, adalet ve vicdan üzerinden toplumsal bir sorumluluk ve hesap sorma vurgusu yaparak anlam çıkarma içeriyor."
63,1624929220555165696,2023-02-13 00:31:30,"İl K.K Başkanımız Sn.@muzeyyenkaya Kayapınar İlçe Başkanımız Sn.@ugurdelidere ile birlikte AFAD’ın @KayapinarBeled1’sine bağlı Park 75’te kurduğu çadırda misafir edilen vatandaşlarımız ile bir araya gelip ihtiyaç ve taleplerini alarak geçmiş dileklerinde bulundular.

#deprem https://t.co/inuY3NuQso",3,['kaygi'],70,26,1222,3,male,org,"['#deprem', 'AFAD']",1,0,0,0,high,"Tweet, AFAD çadırında vatandaşların ihtiyaç ve taleplerinin alınması gibi pratik bir çözüm ve yardım koordinasyonunu anlatıyor."
64,1627827460451475458,2023-02-21 00:28:04,@KorhannBa @Ali_Atasoylu @pambikpiremses_ La ne boş yapmışsınız burda sokakta köpekler kedi parçalıyor onlar umrunuzda değilde enkazda kalan kedinin peşinemi düştünüz,4,"['onaylamama', 'ofke']",2,0,58,0,male,person,['enkaz'],0,0,0,1,high,"Tweet, depremle ilgili konuyu hafifletip başka bir konuya geçiş yaparak ironi ve mesafe koyma içeriyor."
65,1622408506191011840,2023-02-06 01:35:05,Çok kötü yaşadık Allah korusun geçmiş olsun Adıyaman #DEPREMOLDU,1,['uzuntu'],0,0,1318,0,male,person,['#deprem'],0,1,0,0,high,"Tweet, duygusal ifadeler içeriyor ve geçmiş olsun dileğiyle birlikte korku ve şükran duygularını yansıtıyor."
66,1622454801165336577,2023-02-06 04:39:03,"Diyarbakır'da bir binanın çökme anı görüntülere yansıdı!

#kahramanmaraş #pazarcık #deprem #sondakika #gaziantep #diyarbakır #şanlıurfa #diyarbakir #pazarcik #magazin #malatya #magazinmahallesi https://t.co/osZtHhUXOl",1,['notr'],0,0,920,0,male,org,"['#deprem', '#Kahramanmaraş', '#Gaziantep']",0,0,0,0,high,"Tweet sadece bir olayın haberini ve etiketleri içeriyor, herhangi bir duygusal ifade, anlam çıkarma veya problem çözme içermiyor."
67,1627824897027190784,2023-02-21 00:17:53,Şu kiralara zam yapanları Allah ıslah etsin. Hiç mi vicdanınız kalmadı? Düşene bir de siz tekme atıyorsunuz öyle mi? Bir o tekmeler size geri dönecek inşallah. O zaman kaçamayacaksınız. Hesaba çekileceksiniz. #kira #deprem Istanbulda #ankara,4,['ofke'],1,0,1197,0,male,person,['#deprem'],0,1,1,0,high,"Tweet, kiralara zam yapanlara karşı duygusal bir tepki ve ahlaki sorumluluk atfı içeriyor."
68,1622407841834213378,2023-02-06 01:32:27,Rabb'im beterinden korusun 🤲🏻 #DEPREMOLDU,1,['notr'],7,0,1267,0,female,person,['#deprem'],0,1,0,0,high,"Tweet, dua ve korku ifadesi içerdiği için emotion_focused kategorisine girer."
69,1623471834959122436,2023-02-09 00:00:22,"Güncel Bilgi 5dk önce                                     Aşkın Güvenkayanın kardeşi Enkaz altında ve Yaşıyor Lütfen Acil Yardım!!!!! Muhammed Gedemen Adres; Kahramanmaraş trabzon caddesi, Kocabaş Apartmanı 1. Kat ( Hadise giyimin sağ tarafı)",2,['notr'],2,2,134,0,female,person,['enkaz'],1,0,0,0,high,"Tweet, enkaz altında kalan bir kişi için acil yardım çağrısı yaparak pratik bir çözüm sunuyor."
70,1627820435751460865,2023-02-21 00:00:09,@mkirikkanat Ne 10 depremzede en az Metin Tamer sitesindeki aileyi barındıracak kadar odası var. Karşı sokağında yıkılan 12 katlı binalarda yaşayanları barındıracak genişliğe sahip ama beyimiz titiz olduğu için böyle bir yardımda elini taşın altına koyamaz @dbdevletbahceli,4,['onaylamama'],1,0,278,0,male,person,['deprem yardım'],0,0,1,0,high,"Tweet, bir kişiye sorumluluk atfederek eleştiri yapıyor ve toplumsal bir anlam çıkarıyor."
71,1624922861486977024,2023-02-13 00:06:14,".كل تأخيرة فيها خيرة
Her gecikmenin arkasında hayr vardır.

Allahım enkaz altından güzel hayırlı haberlerler sevindir bizleri. 🤲",3,['umut'],150,5,2291,4,female,person,['enkaz'],0,1,1,0,high,"Tweet, duygusal bir dua ve dini anlam çıkarma içeriyor."
72,1624922568116281344,2023-02-13 00:05:04,Her izlediğim videoda enkaz altındaki kişinin yerine kendimi koyuyorum kafayı üşütecek gibi oluyorum 5 gün boyunca psikolojiyi nasıl diri tutabiliyorsun gün kavramı yok zaman kavramı yok. Allah bu millete bir daha böyle acılar yaşatmasın https://t.co/GYH8TurQXV,3,"['ofke', 'uzuntu']",3,0,136,0,male,person,['enkaz'],0,1,0,0,high,"Tweet, deprem sonrası duygusal bir tepki ve korku, çaresizlik gibi duyguları ifade ediyor."
73,1624923226596864000,2023-02-13 00:07:41,@hassasbiikalp Duygularım ve bence bir çok insanın duygularının tam tarifi…koskoca ülke olarak tükendik 😔😔😔 #deprem #depremzedelere,3,['uzuntu'],1,0,923,0,male,person,['#deprem'],0,1,0,0,high,"Tweet, duygusal tükenmişlik ve üzüntü ifade ediyor."
74,1624928642622013440,2023-02-13 00:29:12,"Etme kardeşim, halk olarak yalnızız sahipsiziz diyor. ASKER DE HALK, AFAD DA AHBAP DA HALK ZATEN. Yapılara izin verip zamanında müdahale etmeyen devletten bahsediyor adam nerenizden anlıyorsunuz? https://t.co/M6WTKdbGSC",3,"['onaylamama', 'ofke']",0,0,164,1,male,person,['AFAD'],0,0,1,0,high,"Tweet, devletin sorumluluğunu sorgulayan ve toplumsal bir anlam çıkaran ifadeler içeriyor."
75,1624925346314190851,2023-02-13 00:16:06,@bastugnecla1 @yaltakgurbuz Enkaz larından çalanların psikolojileri alt üst kelimeler yetmez ben arkadaşımı kaybettim 😔 ki onların ruh hallerini düşünemiyorum günlerdir canlı bir şekilde mezar içindeler di Allah ım şükür diye sevinsinler bu daha güzel,3,['uzuntu'],1,0,31,1,female,person,['enkaz'],0,1,1,0,high,"Tweet, kaybedilen bir arkadaş için üzüntü ve enkaz altında kalanların durumu için empati içeriyor, ayrıca ahlaki bir değerlendirme yaparak anlam çıkarıyor."
76,1624926612654284802,2023-02-13 00:21:08,"Halkın derdini dert bilen tek lider Remzi Çayıra adam gibi adam #cizre
#deprem #Turkey #enkazaltındayım #hataydeprem #ohal #seferberlik #Elbistan #hatayyardimbekliyor #AFAD #PrayForTurkey #ENKAZALTİNDAYİM #iskenderun #earthquake #tahaduymaz #ACILYARDIM #deprem  #yagma https://t.co/r6Cx5AziPM",3,['onaylama'],40,0,7786,0,male,person,"['#deprem', 'deprem yardım', 'enkaz', 'AFAD']",0,0,1,0,medium,"Tweet, bir liderin halkın derdini dert edindiğini belirterek toplumsal bir anlam çıkarma ve sorumluluk atfı yapmaktadır."
77,1624925863446814720,2023-02-13 00:18:10,@TheBanker345 @nedimsener2010 Ben maraştan bir depremzedeyim. Devlet her yerde. Afad ekibinin olmadığı enkaz yok.,3,['uzuntu'],1,0,56,1,male,person,"['enkaz', 'AFAD']",0,0,0,0,medium,"Tweet, devletin ve AFAD ekiplerinin varlığını belirtmekte, ancak herhangi bir duygusal ifade, anlam çıkarma veya problem çözme içermemektedir."
78,1622477325932830722,2023-02-06 06:08:33,"#deprem K.Maraş, D.Bakır, Antep... Büyük geçmiş olsun. İnşallah çok fazla can kaybı olmaz. Allah tüm insanlarımızı korusun.",1,['kaygi'],5,0,657,0,male,person,['#deprem'],0,1,0,0,high,"Tweet, geçmiş olsun dilekleri ve dua içerdiği için duygusal odaklıdır."
79,1627831411456544768,2023-02-21 00:43:46,AHBAP gönüllüleri enkaz altında kalmıştı! Haluk Levent duyurdu: Az önce kurtarıldılar https://t.co/v5xYUKnOzZ,4,['mutluluk'],9,2,4163,1,male,org,['enkaz'],0,1,0,0,high,"Tweet, kurtarılan gönüllülerle ilgili duygusal bir rahatlama ve sevinç ifadesi içeriyor."
80,1627821697565859841,2023-02-21 00:05:10,"#SONDAKİKA #Hatay Defne İlçesinde 6,4 büyüklüğünde yeni bir #deprem oldu.",4,['kaygi'],1,0,411,1,male,org,['#deprem'],1,0,0,0,high,"Tweet, yeni bir depremin büyüklüğü ve yerini bildirerek bilgi paylaşımı yapmaktadır."
81,1623472417656930308,2023-02-09 00:02:41,"@ProfDemirtas İSTANBUL'DA JENERATÖR TAMİRCİSİ ARKADAŞIM VAR.DEPREM BÖLGESİNDE GÖNÜLLÜ ÇALIŞMAK İSTİYOR. Bireysel gitmek istemiyor.  @AFADBaskanlik @ahbap ile iletişim kuramamış.  @Ahbap_Ankara  veya @AFAD_Ankara görevlisi irtibata geçerse ileteyim.

Ltf RT edelim 

@ProfDemirtas",2,['notr'],1,0,45,0,male,person,['AFAD'],1,0,0,0,high,"Tweet, jeneratör tamircisi bir kişinin deprem bölgesinde gönüllü çalışmak istediğini belirterek, ilgili kurumlarla iletişim kurma ve yardım koordinasyonu sağlama amacı taşıyor."
82,1622405999746338818,2023-02-06 01:25:07,"Ayyy çok kötü sallandı urfaaa
Kuşumu aldım bitmesini bekledim
Ölüm çok yakındı #deprem",1,['uzuntu'],1,0,330,0,female,person,['#deprem'],0,1,0,0,high,"Tweet, korku ve çaresizlik gibi duygusal ifadeler içeriyor."
83,1627821920665194498,2023-02-21 00:06:04,@selcukdogann İş yerinde yaklaşık 30 kişilik grupta sadece 2 türk variz. Yabancı olarak başka da kimse yok. Bana ailen iyi mi diye soran 2 kişi oldu. O da birkaç gün sonra. Almanya'da calisiyorum. Çalıştığım firma deprem bölgesine yardım gönderdi. Çalışanlar noldu diye sormadı bile.,4,['notr'],0,0,237,1,male,person,['deprem yardım'],0,0,1,0,high,"Tweet, çalıştığı ortamda yaşadığı ilgisizlik üzerinden toplumsal bir anlam çıkarma ve sorumluluk atfı yapıyor."
84,1624001165724614657,2023-02-10 11:03:45,"Burası İngiltere!
Başbakan Rishi Sunak (@RishiSunak), deprem felaketinden etkilenen insanlarımız için Londra’daki kampanya merkezinde yardım kolileri hazırlıyor! https://t.co/oViQhbIlGd",2,['notr'],788,117,36124,12,male,person,['deprem yardım'],1,0,0,0,high,"Tweet, yardım kolileri hazırlama gibi pratik bir çözüm ve yardım koordinasyonu içermektedir."
85,1624922135213793281,2023-02-13 00:03:21,"Allah yardımcın olsun , yakınlarına sabır versin 
#AhmetHakan #Survivor #survivor2023 #Aptos #ahbab #babalatv #antakyahatay #deprem #depremzede 

 https://t.co/yOxuIngESL",3,['uzuntu'],3,0,7202,2,male,person,"['#deprem', 'deprem yardım']",0,1,0,0,high,"Tweet, duygusal bir ifade olan 'Allah yardımcın olsun, yakınlarına sabır versin' cümlesiyle duygusal odaklı başa çıkma kategorisine giriyor."
86,1623384397868040193,2023-02-08 18:12:56,"@TyrionL25913847 SES VAR!!! HATAY!!

MEHMET İNCİ enkaz altında sesler geliyor kardeşi ile konuşulmuş hala ses var.
Odabaşı Mahallesi A. Gaffur Okan Bulvarı Opet Karşısı Dağsu apartmanı. Antakya/Hatay

0 (505) 102 66 71",1,['notr'],0,0,106,1,male,person,['enkaz'],1,0,0,0,high,"Tweet, enkaz altındaki bir kişiye dair bilgi ve konum paylaşarak yardım koordinasyonu sağlıyor."
87,1623472275931512832,2023-02-09 00:02:07,"@serphilosophe @BabalaTv Cebrail mahallesi. Cumhuriyet caddesi. F. Anlar apartmanı. Antakya lisesi ve Antakya ögretmen evi karşısı. Hatay /Antakya 
13 yaşında AHMET EFE ERİNMEZ göçük altında kaldı.
Enkaz başında babası Murat Göztepe var.
0532 062 86 53",2,['notr'],0,0,6,0,female,person,['enkaz'],1,0,0,0,high,"Tweet, enkaz altında kalan bir kişi hakkında bilgi vererek yardım koordinasyonu sağlamaya çalışıyor."
88,1627823354227949570,2023-02-21 00:11:45,"Kriz merkezine ülkelerden uyarılar geliyor. ""Tsunami olabilir. "" Uyarısı ama sahil bölgesinden uzak durun yetmez depremzedeleri tahliye edilmesi şart. #TCDD Toros express ek sefer atamasi hakkında öneri maili atmaktan elim uyuştu. Var mı gelişme #depremoldu #Hatay",4,['saskinlik'],3,0,449,0,male,person,['#deprem'],1,0,0,0,high,"Tweet, depremzedelerin tahliyesi için öneri ve uyarı içeriyor, bu da problem odaklı başa çıkma kategorisine girer."
89,1624921865805344775,2023-02-13 00:02:17,Ağıtların yetersiz kaldığı andır. #Kahramanmaras #Hatay #Gaziantep #Adiyaman #Sanlıurfa @Diyarbakir #Malatya #Kilis #Osmaniye #Adana #GECMIS_OLSUN_TÜRKIYE https://t.co/k7gKWHLtaK,3,['uzuntu'],1,0,20,0,male,person,['#Gaziantep'],0,1,0,0,high,"Tweet, duygusal bir ifade olan 'ağıtların yetersiz kaldığı an' ifadesiyle yas ve çaresizlik duygularını yansıtıyor."
90,1627390518857433090,2023-02-19 19:31:49,"Bebek uykusundaki bebeleri annesiz bırakan #deprem..😓
Böyle bir an yaşandığını gördüm, arama kurtarma görevlisini gören anne başını birkez kaldırabiliyor kucağında bebeği..😥😓
Ahhh..neden neden??
neden daha erken arama kurtarmalar yapılamadı?

#6şubat #Pazarcık #Elbistan https://t.co/HNT0kQXBkd",3,"['saskinlik', 'uzuntu']",1,0,216,0,male,person,"['#deprem', '#6Şubat']",0,1,1,0,high,"Tweet, duygusal ifadeler ve sorumluluk atfı içeriyor; arama kurtarma çalışmalarının zamanlaması sorgulanıyor."
91,1627824602947674114,2023-02-21 00:16:43,"Eğer ki herkes üzerine düşeni ahlaklı,erdemli bir şekilde yapsaydı belki şimdi şuan güvenli bir şekilde evlerimizde uyuyacaktık  #Gaziantep #hataydeprem #türkiye",4,['arzu'],1,0,264,0,female,person,['#Gaziantep'],0,0,1,0,high,"Tweet, ahlaki ve toplumsal sorumluluk vurgusu yaparak anlam çıkarma içeriyor."
92,1627823796139749383,2023-02-21 00:13:31,bu paralar nereye gitti aloooo çadırlar nerde #SONDAKIKA #deprem,4,['kaygi'],11,0,516,0,female,person,['#deprem'],0,0,1,0,high,"Tweet, sorumluluk atfı ve hesap sorma içeren bir anlam çıkarma ifadesi barındırıyor."
93,1624925808832774145,2023-02-13 00:17:57,"Kurtardığın her can için, sana ayrı ayrı teşekkür ederiz. 
Meksika'dan Türkiye'ye gönderilen arama kurtarma köpeği Proteo, enkaz altında kalarak hayatını kaybetti.
Seni unutmayacağız Küçük Kahraman 😞
Can arıyordu Can verdi.

O BİR KAHRAMAN🖤 https://t.co/9EKPrNTtCX",3,"['sevgi', 'minnet']",152,31,2063,3,male,person,['enkaz'],0,1,0,0,high,"Tweet, arama kurtarma köpeği Proteo'nun kaybı üzerine duygusal bir ifade içeriyor ve şükran ile yas duygularını yansıtıyor."
94,1624925832614387712,2023-02-13 00:18:02,"7 gün nasıl geçti ne çabuk(!) geçti anlayamadım.O gece bu geceydi. Dualarım vefat edenlere. Dualarım enkaz altında hala nefes alanlara. Dualarım tüm canlara. Dualarım orada canını dişine takmış canı gönülden çalışan tüm ekiplere...

Amin",3,"['uzuntu', 'minnet']",0,0,31,0,female,person,['enkaz'],0,1,0,0,high,"Tweet, dua ve duygusal ifadeler içerdiği için emotion_focused kategorisine girer."
95,1627823824786923522,2023-02-21 00:13:37,"Allah' tan başkasına kulluk etmeyin, gidin kime ou verirseniz verin ama o kişiyi elestirilmez ilan etmeyin ululaştirmayın lütfen tevbe edin
ALLAH tan başkasına tapmayın, tağutlar edinmeyin kendinize

#Hatay #depremoldu #YardımParalarıNerede",4,['onaylamama'],0,0,389,0,male,person,"['#deprem', 'deprem yardım']",0,0,1,0,high,"Tweet, dini ve ideolojik bir anlam çıkarma yaparak sorumluluk atfında bulunuyor."
96,1624922114871500803,2023-02-13 00:03:16,"Günlerdir gözümüze uyku girmiyor. Girdiğim her ortamda bütün insanlar ruhu çekilmiş gibi, kimsenin gözünde ışık kalmamış. Ateş bu kez düştüğü yeri değil, tüm ülkemi yaktı #deprem",3,"['kaygi', 'uzuntu']",3,0,261,0,female,person,['#deprem'],0,1,0,0,high,"Tweet, duygusal ifadelerle dolu olup, çaresizlik ve üzüntü duygularını yansıtmaktadır."
97,1622409405735047168,2023-02-06 01:38:39,"Ya Rabbi!!
Sen muhafaza eyle..
İnşallah hiçbir yerde can kaybı yoktur..

#DEPREMOLDU",1,['umut'],81,15,11898,2,male,person,['#deprem'],0,1,0,0,high,"Tweet, dua ve umut ifadeleri içerdiği için duygusal odaklıdır."
98,1622547986063536132,2023-02-06 10:49:20,"@haluklevent Iskenderun/Hatay yelken cad. Sahil evler Eda apt. Cok buyuk bina lutfen yardım gonderin anneannem ve dayım gocuk altında
@AFADTurkiye 
@Ahbap_Adana 
@HatayBSB 
@ahbaphatay",1,['uzuntu'],0,0,89,0,male,person,['AFAD'],1,1,0,0,high,"Tweet, enkaz altında kalanlar için yardım çağrısı yaparak problem odaklı ve duygusal bir yaklaşım sergiliyor."
99,1627824764441042948,2023-02-21 00:17:22,@Mircea_61 @huseyinturkeytr @AFADBaskanlik Bunu denemeden bilemezsin değil mi tatlım?,4,['notr'],0,0,24,1,male,person,['AFAD'],0,0,0,1,high,"Tweet, ironi ve alaycı bir dil kullanarak konuyu hafifletmeye çalışıyor."
100,1622482171167391744,2023-02-06 06:27:48,"Millet ve memleket olarak zorlu bir imtihandan geçiyoruz. Acımız büyük, yükümüz ağır. Dua etmeli, dayanışma içinde olmalı ve devletimize güvenmeliyiz. #deprem",1,['notr'],15,1,685,0,male,person,['#deprem'],0,1,1,0,high,"Tweet, duygusal ifadeler ve toplumsal dayanışma ile devlet güvenine vurgu yaparak anlam çıkarma içeriyor."
101,1623472061329940480,2023-02-09 00:01:16,Katil olmak icin eline silah almaya gerek yok #deprem https://t.co/ulkPMDVvfd,2,['ofke'],0,0,147,0,female,person,['#deprem'],0,0,1,0,high,"Tweet, deprem sonrası sorumluluk atfederek toplumsal bir eleştiri yapıyor."
102,1627828051890393089,2023-02-21 00:30:25,"21 Şubat 2023 03:27:56 +03
Bingöl, Bingöl İli, Türkiye
3.3 M - 2 dk önce
#deprem
https://t.co/vWPG9p1zOH",4,['notr'],18,4,9081,0,male,org,['#deprem'],0,0,0,0,high,"Tweet sadece deprem bilgisi ve link içeriyor, herhangi bir duygusal ifade, anlam çıkarma veya problem çözme içermiyor."
103,1622616040625643520,2023-02-06 15:19:45,"🔴 Yolunuz Açık Olsun... ‼️

• Alanında uzman ekibimizi ve ihtiyaç malzemelerini deprem bölgesine uğurladık. 📌

• Sağ salim gidin, yaraları sarın gelin. Hayırlı yolculuklar, Allah yardımcınız olsun... 📌 https://t.co/eZ3tefYAEz",1,['notr'],140,9,10906,1,male,person,['deprem yardım'],1,1,0,0,high,"Tweet, deprem bölgesine yardım ekibi gönderildiğini belirterek pratik çözüm sunuyor ve duygusal ifadeler içeriyor."
104,1624924086802563072,2023-02-13 00:11:06,#Deprem in 168. Saatinde #Kahramanmaras dan Anne ve Bebeğinden Mutlu bir haber bekliyoruz. Canlara Ulaşmak için Canla Başla Çalışan Kurtarma Ekipleri Sizden de Allah Razı Olsun #TuerkiyeTekYuerek,3,"['umut', 'minnet']",0,0,132,0,male,person,['#deprem'],0,1,0,0,high,"Tweet, kurtarma ekiplerine şükran ve umut dolu bir ifade içeriyor."
105,1626292740618166279,2023-02-16 18:49:39,"258. saatte bir kadın daha kurtarıldı, inanılmaz. 🥺 Neredeyse 12 gün olacak ve hala direnenler var enkaz altlarında 😢",3,"['kaygi', 'uzuntu']",23,0,783,3,male,person,['enkaz'],0,1,0,0,high,"Tweet, kurtarılan bir kadının hikayesi üzerinden duygusal bir ifade içeriyor ve umut ile şaşkınlık duygularını yansıtıyor."
106,1622619610976555011,2023-02-06 15:33:56,Gelişim hastanesi kavşağı aksagaz üstü onur otel karşısı Yokcapek apartmanı Hatay / iskenderun 12 saattir haber alınamıyor yardım daha gelmemiş adı Sıla Avcı YSRFIM EDİN #deprem #enkazaltındayım #Turkiye #Hatay #Turkey #hataydeprem,1,['uzuntu'],8,2,1093,2,female,person,"['#deprem', 'deprem yardım', 'enkaz']",1,0,0,0,high,"Tweet, enkaz altında kalan bir kişi için yardım çağrısı yaparak pratik çözüm odaklı bilgi paylaşımı içeriyor."
107,1625820052976029696,2023-02-15 11:31:21,@haluklevent @AFADBaskanlik Topladığınız bağışları afada devredin sıkıntıdan ve boş gereksiz açıklamadan kurtulun,3,['notr'],0,0,8,0,male,person,['AFAD'],0,0,1,0,high,"Tweet, bağışların AFAD'a devredilmesi gerektiğini belirterek sorumluluk atfı yapıyor ve bu durumun gereksiz açıklamalardan kurtulmayı sağlayacağını ifade ediyor."
108,1623472131337068545,2023-02-09 00:01:33,"@alniopulesitivt ❗Teyitli, Adanadan arkadaşımın yakınları❗
Adana huzurevleri mahallesi 77201 sokak İhsan Bayram sitesi C blok.
•Neva Ergin (5 aylık bebek)
•Beren Ergin (6 yaşında)
•Umre Ergin (anneleri, kendisi hemşire)
•İlhan Ergin.
Hâlen 14 katlı binanın enkazındalar. @ahbap @BabalaTv",2,['notr'],0,0,5,0,male,person,['enkaz'],1,0,0,0,high,"Tweet, enkaz altında kalan kişilerin bilgilerini ve konumunu paylaşarak yardım çağrısında bulunuyor, bu nedenle problem odaklı bir yaklaşım sergiliyor."
109,1624925305004560386,2023-02-13 00:15:57,"'Gerçekten yaşıyor muyum?'

BBC muhabiri Nafiseh Kohnavard, Antakya'da iki kız kardeşin saatler süren çalışmalarla enkazdan kurtarılışına tanıklık etti https://t.co/QVODBCmXE3",3,['notr'],76,9,66272,1,male,org,['enkaz'],0,1,0,0,medium,"Tweet, duygusal bir sorgulama içeriyor ve kurtarılma hikayesiyle duygusal bir bağ kuruyor."
110,1624088423597322241,2023-02-10 16:50:28,Arkadaşlar bölgeden gelen haberler #cadır ( #cadirihtiyaci ) olduğu yönünde. #afad da temin etmekte güçlük çekiyormuş. Yardımların çadır üzerine yönlenmesi gerekiyor. @ahbap @yagosabuncuoglu @EfloudTheSurfer @haskologlu @AFADBaskanlik #islahiye Fevzi çakmak mah. Talimhane cad.,2,['notr'],4,4,865,0,male,person,['AFAD'],1,0,0,0,high,"Tweet, çadır ihtiyacı hakkında bilgi vererek yardım çağrısında bulunuyor ve bu nedenle problem odaklı bir yaklaşım sergiliyor."
111,1623472230423314434,2023-02-09 00:01:57,@gutitoli ❗️❗️❗️#nurdağı kaç saattir enkazdalar hala ses seda yok Atatürk mahallesi 303 sokak no.9/10 Nurdağı /Gaziantep öğretmen Nurullah Ceylan dan haber alabilen bana ulaşsın @AFADBaskanlik @TC_icisleri @NurdagiKaymakam❗️❗️❗️,2,['notr'],0,0,42,0,male,person,"['enkaz', 'AFAD']",1,0,0,0,high,"Tweet, enkaz altında kalan bir kişi için spesifik bir adres vererek yardım çağrısında bulunuyor, bu da problem odaklı başa çıkma stratejisine girer."
112,1627832341056917504,2023-02-21 00:47:28,@Hherdogdu @AFADBaskanlik @ovgunaercan @senerusumezsoyy @nacigorur @Mikdatca Trafo patlamış,4,['notr'],0,0,60,0,male,person,['AFAD'],0,0,0,0,low,Tweet sadece bir olayın bilgisini veriyor ancak herhangi bir kategoriye tam olarak uymuyor.
113,1624925754436775938,2023-02-13 00:17:44,AFAD DA BİZİM AHBAP DA @haluklevent. @abap,3,['notr'],0,0,68,0,female,person,['AFAD'],0,0,1,0,medium,"Tweet, AFAD ve AHBAP gibi kurumları bir arada anarak toplumsal bir anlam çıkarma ve birliktelik vurgusu yapıyor."
114,1622460104678195200,2023-02-06 05:00:07,"Deprem felaketi yaşayan şehirlerimizde bulunan insanlarımızın Allah yar ve yardımcısı olsun..😢
Cenab-ı Hak ölenlere rahmet yaralılara şifa versin inşallah. Umarım ülkemiz bu felaketten en az kayıpla ve zararla çıkar.🤲🏻
#deprem #Kahramanmaras 
#adanadeprem #Hatay 
#AFAD https://t.co/HH84pM1kBG",1,"['uzuntu', 'arzu']",0,0,404,0,male,person,"['#deprem', 'deprem yardım', 'AFAD']",0,1,0,0,high,"Tweet, duygusal ifadeler ve dua içeriyor, ancak pratik çözüm veya anlam çıkarma içermiyor."
115,1627822493648953345,2023-02-21 00:08:20,"21 Şubat 2023 03:01:56 +03
Hatay, Türkiye
3.2 ML - 6 dk önce
#deprem
https://t.co/WEuPAS6tzF",4,['notr'],9,2,6437,0,male,org,['#deprem'],1,0,0,0,high,"Tweet, deprem bilgisi paylaşarak pratik bir çözüm sunuyor ve bu nedenle problem odaklı bir yaklaşım sergiliyor."
116,1624928416800677889,2023-02-13 00:28:18,"@Dersaadet3406 @AFADBaskanlik @barisatay @sahmetsahmet @serakadigil İsmini yayınlamayan trollere yanıt vermiyor, engelliyorum.",3,['ofke'],0,0,28,0,male,person,['AFAD'],0,0,0,1,high,"Tweet, depremle ilgili bir konudan ziyade sosyal medya etkileşimleri ve trollere yanıt vermeme üzerine odaklanmış, bu da konudan uzaklaşma veya mesafe koyma olarak değerlendirilebilir."
117,1623472254095962114,2023-02-09 00:02:02,@bernalacin35 Enkazın altında kendisi kaldığı için,2,['uzuntu'],0,0,1,0,female,person,['enkaz'],0,0,0,0,low,"Tweet, belirgin bir duygusal ifade, anlam çıkarma veya problem çözme içermiyor; belirsiz bir ifade."
118,1623656240319528960,2023-02-09 12:13:08,#Kışlasaray mah. Değirmen apt. Değirmen sok. No:27 elips dükkan üstü #antakya/hatay termal kamera ve dinleme sonucunda hayatta oldukları tespit edilmiş. Enkaz altından kurtarılmayı bekliyorlar.  #hatay #afad,2,['notr'],16,30,1229,0,male,person,"['enkaz', 'AFAD']",1,0,0,0,high,"Tweet, enkaz altındaki kişilerin yerini belirterek kurtarma çalışmalarına yardımcı olmayı amaçlayan bilgi paylaşımı yapmaktadır."
119,1622405585223270403,2023-02-06 01:23:29,Allahım çok kötü sallandık.İnşallah kimsede bir şey yok.#Şanlıurfa #Deprem,1,['uzuntu'],18,0,2305,2,male,person,['#deprem'],0,1,0,0,high,"Tweet, korku ve endişe içeren duygusal bir ifade barındırıyor."
120,1623046795839373315,2023-02-07 19:51:25,"Hacibayram veli mahallesi orman lojmanları Müdürlerin binasi Zehra boyalı arkadaşımız enkaz altında haber alamıyoruz ailesi yardım bekliyor Kahramanmaraş
Lütfen yardımcı olup yayalım",1,['arzu'],39,31,1999,1,male,org,['enkaz'],1,0,0,0,high,"Tweet, enkaz altında kalan bir kişi için yardım çağrısı yaparak pratik çözüm ve bilgi paylaşımı içeriyor."
121,1623472426238590976,2023-02-09 00:02:43,"ACİL!! ADANA/ÇUKUROVA Turgut Özal Bulvarı Zeray Apartmanı  enkazdakiler ""Apartman boşluğundayız ve yaşayan çok kişi var bizi bırakmayın"" diye bağırıyorlar. Acil !!!
#AHBAP #afad",2,['notr'],46,52,5307,3,male,person,"['enkaz', 'AFAD']",1,0,0,0,high,"Tweet, enkaz altında kalanların yerini bildirerek yardım çağrısında bulunuyor, bu nedenle problem odaklı bir yaklaşım sergiliyor."
122,1623472270063636480,2023-02-09 00:02:06,"Arkadaşlar kopyala yapıştır yaparak yayalım lütfen 🙏🏻
İskendurunda arama kurtama ekibindeyim şuan 
Enkaz altında canlı ihbarı alan olursa benimle iletişime geçsin 
Şuan canlı ihbarlarla ilgileniyoruz 🙏
İskenderun
  +905357030500",2,['notr'],3,21,864,0,female,person,['enkaz'],1,0,0,0,high,"Tweet, enkaz altındaki canlı ihbarları için iletişim numarası paylaşarak pratik bir çözüm sunuyor."
123,1624929258668793856,2023-02-13 00:31:39,Sana can kurban. Depremden sağ çıkan bebek... #deprem #enkaz #acı #sevinç https://t.co/IIGrnL6Ah6,3,['uzuntu'],35,7,1338,1,male,person,"['#deprem', 'enkaz']",0,1,0,0,high,"Tweet, depremden sağ çıkan bir bebek için duygusal bir ifade olan 'Sana can kurban' ifadesini kullanarak duygusal bir tepki veriyor."
124,1623472380919021569,2023-02-09 00:02:32,"YAZDIM YAZMAYA DEVAM EDECEĞİM

2 3 SAATE SURİYEYE GİRENLER BÖLGELERE 4 GÜNDÜR GİREMEDİLER 

HESAP GÜNÜ GELECEK !!!!
#deprem #hatay #hataydeprem #maraş #kahramanmaraş https://t.co/12AeIJrr8a",2,['notr'],2,2,533,0,male,person,"['#deprem', '#Kahramanmaraş']",0,0,1,0,high,"Tweet, sorumluluk atfı ve hesap sorma içeren bir anlam çıkarma ifadesi içeriyor."
125,1623472245954822146,2023-02-09 00:02:00,"ACİL TEYİTLİ 🚨
62 saattir Enkaz altında olan semra ve eşi ahmet, Dulkadiroğlu/Kahramanmaraş bölgesinde Yenişehir mahallesi, cumhuriyet bulvarı, Kiraz apartmanı, B blok, kat.2, daire.4 +90 531 678 08 33",2,['notr'],6,21,1294,0,male,person,['enkaz'],1,0,0,0,high,"Tweet, enkaz altında kalan kişilerin yerini ve iletişim numarasını paylaşarak yardım koordinasyonu sağlamaya çalışıyor."
126,1623472484539412482,2023-02-09 00:02:57,"#FulyaÖztürk saatler önce eşi enkazın altında sağ olan bir adamla konuşmuştun ve vinç operatörü gerekliydi,o ne oldu? Umarım kurtulmuştur.",2,['notr'],0,1,155,0,female,person,['enkaz'],1,1,0,0,high,"Tweet, enkaz altındaki bir kişi için vinç operatörü ihtiyacını belirterek pratik bir çözüm öneriyor ve aynı zamanda umut ifade ediyor."
127,1627828809331351552,2023-02-21 00:33:26,#istanbulda depreme dayanıksız binaların yıkımına başlanmalı ve o binaların yerleri deprem toplanma alanı olarak kullanılmalı #ibb #AFAD  #ekremimamoglu,4,['notr'],2,0,198,0,female,person,['AFAD'],1,0,0,0,high,"Tweet, depreme dayanıksız binaların yıkılması ve yerlerinin deprem toplanma alanı olarak kullanılması gibi pratik bir çözüm önerisi sunuyor."
128,1623472276329967616,2023-02-09 00:02:07,Kac gun oldu bilmiyorum o andan beri enkazin altinda bekleyen var  kac yağmur yagdi kac dolu yagdi kac firtina koptu o andan beri bilmiyorum donuyorlar bekliyorlar incecik pijamasiyla uyuyorlardi  cok gec kaldik cok allahm dayanma gucu ver,2,['uzuntu'],0,0,45,0,male,person,['enkaz'],0,1,0,0,high,"Tweet, çaresizlik ve dua içeren duygusal ifadeler barındırıyor."
129,1623472451857354753,2023-02-09 00:02:49,"75 yaşında Bekir amca, depremin 71.saatinde enkazdan çıkarıldığı anlari nefes almadan izledim. Öyle bir çalışma yapıldı o kadar kritik ve başarılıydı ki. Insallah daha çok görürüz böyle şeyleri ve daha fazla depremzedeye ulaşılır 🙏🏻",2,"['mutluluk', 'minnet', 'arzu']",0,0,155,0,male,person,['enkaz'],0,1,0,0,high,"Tweet, duygusal bir ifade olan umut ve şükran içeriyor, ancak pratik çözüm veya anlam çıkarma yok."
130,1624924717156126721,2023-02-13 00:13:36,Enkazda ses vardı kimse yoktu ..Herkes geldi ama  bu sefer enkazdan ses yoktu ..#@denizoovic @emirhanasln1907,3,['notr'],0,0,357,0,female,person,['enkaz'],0,1,0,0,high,"Tweet, enkazda ses duyulmasına rağmen yardım gelmediği ve sonrasında sesin kesildiği durumu anlatarak duygusal bir çaresizlik ifadesi içeriyor."
131,1622617622603866113,2023-02-06 15:26:02,"Çekmece, 424. Sk. No:26, 31141 Antakya/Hatay deprem saatinden beri haber alamıyoruz çok acil 
KAAN KARACA
ALİ KARACA
CEYLAN KARACA
ALEYNA KARACA
OKAN KARACA

#DEPREM #DEPREMOLDU #antakya #hataydeprem @ahbap @AFADTurkiye @AFADHatay",1,['kaygi'],4,2,620,0,female,person,"['#deprem', 'AFAD']",1,0,0,0,high,"Tweet, kayıp kişilerin bulunması için adres ve isim bilgisi vererek yardım çağrısında bulunuyor, bu da problem odaklı başa çıkma stratejisine girer."
132,1622439974829281281,2023-02-06 03:40:08,"@FatmaSahin @AFADBaskanlik @DepremDairesi @gantepvaliligi !! ACİL YARDIM!! MEHMET AKİF ERSOY MAHALLESİ BAHÇELİEVLER CADDESİ NO:10
GAZİANTEP/NURDAĞI
ENKAZ ALTINDA KALANLAR VAR ULAŞAMIYORUZ ACİL YARDIM",1,['notr'],2,2,289,0,female,person,"['deprem yardım', 'enkaz', 'AFAD']",1,0,0,0,high,"Tweet, enkaz altında kalanlar için acil yardım çağrısı yaparak pratik bir çözüm sunuyor."
133,1627823198245888001,2023-02-21 00:11:08,"Geçmiş Olsun Hatay. 
#hataydeprem #samandag
#turkeyearthquake2023
#depremoldu
#kıyamet",4,"['kaygi', 'uzuntu']",0,0,434,0,male,person,['#deprem'],0,1,0,0,high,"Tweet, 'Geçmiş Olsun Hatay' ifadesiyle duygusal bir destek ve iyi dilek içeriyor."
134,1624926269530951681,2023-02-13 00:19:46,"Adıyaman’ın köylerine yardım götürdük. Bu kadim millet, her şeyini kaybettiği halde bizleri yemeğini yedirmeden, suyunu içirmeden göndermediler. Herkes tüm gücüyle yardımlaşıyor. Umarım bir daha böyle bir afet görmeyiz.
@sadakatasi @kemal_ozdal #deprem https://t.co/V6CmtJjZt2",3,['umut'],7,1,442,0,male,person,"['#deprem', 'deprem yardım']",1,1,0,0,high,"Tweet, yardım götürme ve yardımlaşma gibi pratik çözümlerden bahsederken, aynı zamanda duygusal ifadelerle şükran ve umut dile getiriyor."
135,1623471858388553728,2023-02-09 00:00:28,"@ProfDemirtas İstanbul'da jeneratör tamircisi arkadaşım var.Deprem bölgesinde gönüllü çalışmak istiyor. Bireysel gitmek istemiyor.  @AFADBaskanlik @ahbap ile iletişim kuramamış.  Buradan @Ahbap_Ankara  veya @AFAD_Ankara görevlisi irtibata geçerse ileteyim.

Ltf RT edelim belki ilgililer götür.",2,['notr'],1,1,71,0,male,person,['AFAD'],1,0,0,0,high,"Tweet, jeneratör tamircisi bir kişinin deprem bölgesinde gönüllü çalışmak istemesi ve ilgili kurumlarla iletişim kurma çabası üzerinden yardım koordinasyonu ve pratik çözüm odaklıdır."
136,1622456355066978305,2023-02-06 04:45:13,"Deprem bölgesi dışında lütfen telefonları kullanmayalım.
#depremoldu",1,['notr'],0,0,266,0,male,person,['#deprem'],1,0,0,0,high,"Tweet, telefon kullanımını sınırlayarak yardım koordinasyonuna katkıda bulunmayı amaçlayan pratik bir çözüm öneriyor."
137,1623471970204454912,2023-02-09 00:00:55,@AFADBaskanlik @DepremDairesi @HatayValiligi @ahbap @haluklevent antakya hasan-gizem-görkem dönmez ve cok insan enkaz altinda lutfen yardim edin.Cebrail mah.fatih cad.hüseyin dönmez apt no 30 bugun saat 17'de ayni kattan 3 kisi sağ cikardik ama beton blok var lütfen yardım edin.,2,['uzuntu'],0,0,4,0,female,person,"['deprem yardım', 'enkaz', 'AFAD']",1,0,0,0,high,"Tweet, enkaz altındaki kişilerin kurtarılması için spesifik bir adres vererek yardım çağrısında bulunuyor, bu da problem odaklı başa çıkma stratejisine girer."
138,1623074631900090368,2023-02-07 21:42:02,"Grup üyemiz:

hatay antakya akçaova köyü. 500 600 kişiye yakın serada mahsur bekliyorlar. kendi imkanlarıyla çadır kurmuşlar bekliyorlar

#deprem",1,['notr'],291,343,36785,39,male,org,['#deprem'],1,0,0,0,high,"Tweet, mahsur kalan kişilerin yerini ve durumunu bildirerek yardım koordinasyonuna yönelik bilgi paylaşımı yapmaktadır."
139,1622413457415966722,2023-02-06 01:54:45,İnşallah can kaybımız yoktur geçmiş olsun #Türkiye #deprem #Gaziantep #Kahramanmaraş #Adana 🤲🏻,1,['uzuntu'],2,0,1995,0,female,person,"['#deprem', '#Kahramanmaraş', '#Gaziantep']",0,1,0,0,high,"Tweet, dua ve iyi dileklerle duygusal bir ifade içeriyor."
140,1624924551770435585,2023-02-13 00:12:57,"Anneannem kuzenim ailesi hala enkaz altında tıklama sesi duyulmuş ve termal ısı hissedilmiş lütfen acilll destek yollayin
Ürgenpaşa mah Atatürk caddesi Suphi Karakaya apartman no 67 HATAY
#DEPREMZEDELER #hatayantakya #YardimEdin #tahaduymaz #AFAD #hatayafad #Hatay #DEPREMOLDU https://t.co/uFcr4O9HmU",3,"['kaygi', 'uzuntu']",30,34,4479,3,female,person,"['#deprem', 'enkaz', 'AFAD']",1,1,0,0,high,"Tweet, enkaz altında kalanlar için acil yardım çağrısı yaparak problem odaklı bir yaklaşım sergiliyor ve aynı zamanda duygusal bir yardım talebi içeriyor."
141,1622878554152206337,2023-02-07 08:42:53,"@haluklevent 1 günden beri enkaz altında Ekinci Mahallesi Sehit bilgin sokak Atilla eren apartmanı Hatay/Antakya
herhangi bir yardım gitmedi",1,['notr'],0,0,145,0,female,person,['enkaz'],1,0,0,0,high,"Tweet, enkaz altında kalan bir yerin bilgisini paylaşarak yardım çağrısında bulunuyor."
142,1623472345355587585,2023-02-09 00:02:24,@sertacsaricicek @AFADBaskanlik @AFADKMaras @Kizilay @KizilayKMaras 2 cenazemiz çıkarıldı 1 tanesi halen göçük altında hamile bir bayan ve oğlu..Cenazeleri kim teslim aldı nereye götürdüler lütfen bir bilgi verin ulaşamıyoruz,2,['notr'],0,0,30,0,male,person,['AFAD'],1,1,0,0,high,"Tweet, göçük altındaki kişilerin durumu hakkında bilgi talep ederek pratik bir çözüm arayışı ve duygusal bir ifade içeriyor."
143,1627824238362087424,2023-02-21 00:15:16,"#istanbulda #deprem #depremoldu  #TuerkiyəSəninləyik  ""Evet memleket bir zelzele arifesinde. Evet! İnsanın değeri bir araba beygirininkinden çok daha aşağı, boğuluyoruz, doğru."" (Jurnal,)",4,['kaygi'],1,0,338,0,male,person,['#deprem'],0,0,1,0,high,"Tweet, insan değerinin sorgulanması ve toplumsal eleştiri yaparak anlam çıkarma içeriyor."
144,1622556225303871490,2023-02-06 11:22:04,"Hatay’da enkaz altından çıkarılmış ailesine ulaşılamıyormuş, yayalım.
#Hatay #hatayafad #hatayantakya #HataydaDeprem #deprem https://t.co/9EOCJCG1fu",1,['notr'],3,8,711,0,male,person,"['#deprem', 'enkaz', 'AFAD']",1,0,0,0,high,"Tweet, enkaz altından çıkarılmış bir kişinin ailesine ulaşılması için bilgi yayma çağrısı yaparak pratik bir çözüm sunuyor."
145,1624923526862983169,2023-02-13 00:08:53,"▪️Hiç görmedikleri enkazların altına, gövdesini siper edenleri gömüyorlardı, acımasızca..

(1) De ki: ""Ey inkârcılar!
(2) Ben sizin tapmakta olduğunuz şeylere tapmam.
(3) Siz de benim taptığıma tapıyor değilsiniz.
(4) Ben sizin taptıklarınıza tapacak değilim. https://t.co/Jr4tgzQmL6",3,['ofke'],88,22,1928,1,male,person,['enkaz'],0,1,1,0,high,"Tweet, duygusal bir ifade ve dini bir anlam çıkarma içeriyor."
146,1624927549787701250,2023-02-13 00:24:52,Al sana Afad. Cumhuriyetin zenginliklerine konduğunuz gibi afadınızda herkesin emeğine konuyor,3,"['onaylamama', 'ofke']",0,0,69,0,male,person,['AFAD'],0,0,1,0,high,"Tweet, AFAD üzerinden hükümete yönelik eleştiri ve sorumluluk atfı içeriyor."
147,1622420910358552578,2023-02-06 02:24:22,Adana Yurt mahallesi 71477 sokak Zeray Apt 6.kat lütfen yardım edin arkadaşımdan mesaji attiktan sonra haber alamadik @deprem @adana https://t.co/wAtZrfBHRm,1,['notr'],502,681,154271,22,male,person,['deprem yardım'],1,1,0,0,high,"Tweet, yardım çağrısı yaparak pratik çözüm arayışında ve kaygı/çaresizlik duygusu içeriyor."
148,1624105046542524419,2023-02-10 17:56:32,"""Kent meydanında tek AFAD çadırı polis merkezi yapılmış"" @hazardost 

https://t.co/2nk9CpX3ay",2,['notr'],17,11,1911,0,female,person,['AFAD'],0,0,1,0,high,"Tweet, AFAD çadırının polis merkezi yapılmasını eleştirerek toplumsal bir sorumluluk atfında bulunuyor."
149,1624928258234937344,2023-02-13 00:27:41,"“Dışardayız işte, deprem olduğundan beri soğuk -13 derecedeyiz. Çadır ihtiyacımız karşılanmadı, belli bir kısmı çadır geldi ama çok yetersiz geldi. İlk gün zaten gıda yardımı gelmedi, 2. sabah ilk yardıma @ODTUEMD odtülü öğrenciler gönderdiler.”",3,['kaygi'],7,1,368,1,male,person,['deprem yardım'],0,0,1,0,high,"Tweet, çadır ve gıda yardımı gibi pratik ihtiyaçların karşılanmadığını belirterek yardım koordinasyonu ve kaynak yönlendirme ihtiyacını vurguluyor."
150,1630245511730192385,2023-02-27 16:36:33,"@yagiz2019 basiniz sagolsun kac yakininizi kaybettiniz,enkazdan kac tanesi cikarabildiniz  kac bebeniz sag cikti ve yasiyor ?",4,"['kaygi', 'uzuntu']",4,0,933,0,female,person,['enkaz'],0,1,0,0,high,"Tweet, başsağlığı dileyerek duygusal bir ifade içeriyor."
151,1622475575062323203,2023-02-06 06:01:35,Yeşilyurt mahallesi saadet apartmanı ablok no3 merkez adıyaman akrabalarımızdan haber alamıyoruz lütfen yayalım @AFADAdiyaman @DepremDairesi,1,['notr'],8,10,981,0,male,person,['AFAD'],1,0,0,0,high,"Tweet, belirli bir lokasyondaki bina hakkında bilgi vererek yardım çağrısında bulunuyor."
152,1623090605151617025,2023-02-07 22:45:30,"""GENERAL ŞÜKRÜ KANATLI MAHALLESİ FATİH CADDESİ ÜSTÜN APARTMANI 1. KAT HATAY ESKİ STADYUM YANI 2 arkadaşım enkaz altında ses yok ulaşamıyoruz acil yardım yollayın lütfen 
0506 119 98 72 
0546 866 54 95
Meryem - Miyase ATALAY hala enkaz altındalar yardıma ihtiyaçları var.""",1,['notr'],5,18,273,1,male,person,['enkaz'],1,0,0,0,high,"Tweet, enkaz altında kalan kişilerin yerini ve iletişim numaralarını paylaşarak acil yardım çağrısında bulunuyor, bu da problem odaklı başa çıkma stratejisine girer."
153,1623276345215135752,2023-02-08 11:03:34,"Yazıhan/ Malatya yeni bahçelievler caddesi yeni mahalle no:1/a  20 kişi günlerdir açlar çocuk, kanser hastası bulunuyor gıda su battaniye ısıtıcı giyim ayakkabı çocuk bezi maması ağrı kesici
İhtiyaç sahip;0531 630 51 09
#malatya #yardımedin @ahbap @DepremDairesi",1,['notr'],0,0,83,0,female,person,['deprem yardım'],1,0,0,0,high,"Tweet, ihtiyaç sahiplerinin adres ve iletişim bilgilerini vererek yardım çağrısında bulunuyor, bu nedenle problem odaklı bir yaklaşım sergiliyor."
154,1622408982005424131,2023-02-06 01:36:58,@DepremDairesi @AFADBaskanlik @trthaber @anadoluajansi Of Allah yardım etsin,1,['arzu'],0,0,4661,0,male,person,"['deprem yardım', 'AFAD']",0,1,0,0,high,"Tweet, duygusal bir ifade olan 'Allah yardım etsin' ifadesini içeriyor."
155,1627824784053501953,2023-02-21 00:17:26,@NihalOzvatan @haluklevent Afad ile ahbap dost demeye calisiyor adam hizmet verebilsin diye,4,['ofke'],3,0,973,0,male,person,['AFAD'],0,0,1,0,medium,"Tweet, AFAD ve Ahbap'ın işbirliğine dair bir yorum yaparak toplumsal bir anlam çıkarma çabası içeriyor."
156,1624922615004508161,2023-02-13 00:05:15,Arkadaşım Esra Nur Tekgöz den 7 gündür haber alamıyoruz. Enkaz'dan çıkmadı. Adana Mersin İstanbul Niğde Kayseri Ankara çevre illerde görev yapan doktor hemşire arkadaşlarımızdan hastanelerde sorgulama yapmasını Rica ediyorum. Nolur bize iyi bir haber verin nolur...(Hatay),3,"['uzuntu', 'arzu']",8,24,5489,1,female,person,['enkaz'],1,1,0,0,high,"Tweet, kayıp bir kişiyi bulmak için yardım talep ediyor ve duygusal bir çağrı içeriyor."
157,1622716032942047244,2023-02-06 21:57:05,"20 saatte Antakya’ya gidilememesinin mantıklı açıklamasını bulamıyorum. Havaalanına uçak inemiyorsa helikopteri var. Sorun her neyse bunca zaman çözümü bulunmalıydı. Yeni yeni başladı yardımlar, umarım çok geç kalınmamıştır 🙏🏼 #deprem",1,"['umut', 'minnet']",0,0,127,0,male,person,"['#deprem', 'deprem yardım']",0,1,1,0,high,"Tweet, yardımın geç kalmasıyla ilgili endişe ve umudu ifade ederken, aynı zamanda sorumluluk atfı yaparak anlam çıkarıyor."
158,1623471954115149824,2023-02-09 00:00:51,@OguzhanUgur ADIYAMAN MERKEZ turgut reis mahallesi 109.sokak ihh binası yanı kazım sucu ilk depremden beri hala enkaz  altında ve yaşıyor acil yardm!!!,2,['notr'],0,2,36,0,male,person,['enkaz'],1,0,0,0,high,"Tweet, enkaz altında kalan bir kişi için acil yardım çağrısı yaparak pratik çözüm odaklı bir bilgi paylaşımı içeriyor."
159,1627826850872324096,2023-02-21 00:25:39,#Hatay 'da #kıyamet kopuyor. üst üste milyonlarca #depremoldu millet 15-16 gün geçmesine hala çadır bekliyor. #YardımParalarıNerede kardeşim? hani açıklayacaktınız nereye harcandığını???,4,"['onaylamama', 'ofke']",0,0,701,0,male,person,"['#deprem', 'deprem yardım']",0,0,1,0,high,"Tweet, yardım paralarının nereye harcandığına dair hesap sorma ve sorumluluk atfı içeriyor."
160,1622507740177350658,2023-02-06 08:09:24,"Dostumuz Mehmetcan Ağırbaş, Malatya'da kaldığı otelde enkaz altında. Lütfen yardım edin.
Kırçuval Otel Battalgazi, Dabahkane mahallesi, Turgut Temelli caddesi NO:26
MALATYA",1,['notr'],562,781,91705,10,male,person,['enkaz'],1,0,0,0,high,"Tweet, enkaz altında kalan bir kişi için spesifik bir konum bilgisi vererek yardım çağrısında bulunuyor, bu da problem odaklı başa çıkma kategorisine girer."
161,1622416699180941312,2023-02-06 02:07:38,Allahım yardım et Çok büyük çok 😪🤦🏻‍♀️ #deprem,1,['uzuntu'],0,0,667,0,male,person,"['#deprem', 'deprem yardım']",0,1,0,0,high,"Tweet, dua ve çaresizlik ifadesi içerdiği için emotion_focused kategorisine girer."
162,1624922580040785920,2023-02-13 00:05:07,@gulbenergen Gerçekten abla aynen öyle enkazdan çıkacak bir can haberi almak için tv karşısında bekler olduk,3,['uzuntu'],1,0,373,0,female,person,['enkaz'],0,1,0,0,high,"Tweet, enkazdan çıkacak bir can haberi beklerken yaşanan duygusal durumu ifade ediyor."
163,1627823237601103874,2023-02-21 00:11:17,"Bir kişi bile ölmeyebilirdi. Bunun yükünü, acısını hiç mi idrak edemiyorsunuz? Hâlâ aklama peşindesiniz? Hâlâ aynı kafada devam ederseniz oy vereceğiniz bir ülke olmayacak. Siyasi tartışma yapacağınız bir ülke olmayacak. Bu ülke deprem bölgesinde en büyük öncelik bu",4,['ofke'],0,0,64,0,male,person,['AFAD'],0,0,1,0,high,"Tweet, sorumluluk atfı ve toplumsal eleştiri içeren ideolojik bir anlam çıkarma barındırıyor."
164,1622567241509224449,2023-02-06 12:05:50,"Allah'a şükürler olsun sonunda çocuklar kurtarıldı.
Bir binanın enkazı altında kalan çocuklar kurtarıldı. (Konum bilinmiyor)

#Turkey 
#Deprem https://t.co/mLRi9gW8zs",1,['minnet'],684,71,107026,2,male,org,"['#deprem', 'enkaz']",0,1,0,0,high,"Tweet, çocukların kurtarılmasına duyulan şükran ve sevinci ifade ediyor."
165,1627825324447653888,2023-02-21 00:19:35,"#ÜmitÖzdağ, #depreme canlı yayında yakalandı https://t.co/qPugmdSVjw",4,['kaygi'],0,0,112,0,female,person,['#deprem'],0,0,0,0,high,"Tweet, sadece bir olayın haberini vermekte ve herhangi bir duygusal ifade, anlam çıkarma veya problem çözme içermemektedir."
166,1627822569003929602,2023-02-21 00:08:38,@selcukdogann Deprem bölgesine yardımı götüren çalışanlardan birine denk geldigimde kendisine teşekkür ettim. Tabi şaşırdı o da biraz. Aynı değiliz kısacası. Olamayız da. Olamazlar da...,4,['saskinlik'],0,0,45,0,male,person,['deprem yardım'],0,1,1,0,high,"Tweet, yardım eden kişiye teşekkür ederek şükran duygusunu ifade ediyor ve toplumsal farklılıklar üzerinden anlam çıkarıyor."
167,1623282184181129218,2023-02-08 11:26:46,KEDİSİ CANLI BİR ŞEKİLDE ENKAZDAN ÇIKARILDI SEMAYIDA KURTARABİLİRİZ LÜTFEN  @pusholder @AFADBaskanlik @OguzhanUgur @haluklevent @ahbap_istanbul @ahbap https://t.co/LKJlTopkHJ,1,['notr'],5,2,460,0,female,person,"['enkaz', 'AFAD']",1,0,0,0,high,"Tweet, enkazdan canlı çıkarılan bir kedi örneği üzerinden yardım çağrısı yaparak pratik çözüm ve yardım koordinasyonu sağlamaya çalışıyor."
168,1622912775096832003,2023-02-07 10:58:52,@nirvana__11 @FranceenTurquie @Interieur_Gouv @CdCMAE @MinColonna @francediplo @Herve_Magro @PompiersParis @EtatMajorFR @armeedeterre ARKADAŞIMIZ VE AİLESİNE DEPREM ANIMDAN BERİ ULAŞAMIYORUZ LÜTFEN ACİL YARDIM EDİN KAHRAMAN MARAŞ ŞEHİT ADİL MAHALLESİ 67013 SOKAK NUMARA 4 LÜTFEN PAYLAŞALIM.#afaddeprem #AFAD,1,['notr'],2,1,153,0,male,person,"['deprem yardım', 'AFAD']",1,0,0,0,high,"Tweet, deprem sonrası kayıp bir kişiye ulaşmak için acil yardım çağrısı ve adres bilgisi paylaşımı içeriyor."
169,1627828164515733504,2023-02-21 00:30:52,"Yapmadığımız düzenleme ve önlemleri acilen gerçekleştirmeliyiz…

Beklenen #istanbul depremi için belirlenen bölge ve lokasyonlara şimdiden çadır falan depolamak değil 40.000 50.000 sayı ne kadar artıyorsa konteyner kentleri inşa etmeliyiz… #deprem",4,"['kaygi', 'arzu']",2,0,488,0,male,person,['#deprem'],0,0,1,0,high,"Tweet, deprem için pratik çözümler ve önlemler önererek problem odaklı bir yaklaşım sergiliyor."
170,1622505855391346688,2023-02-06 08:01:55,"@KeremOktenMeteo Türkiye de bulunan bütün Karavanlar a sefer görevi çıkartılıp ,Askeriye kontrolünde #deprem bölgelerine gönderilmeli… soğukta kimse açta açıkta kalmamalı @AFADBaskanlik https://t.co/Jk1NUr5ohY",1,['notr'],45,6,5747,0,male,person,"['#deprem', 'AFAD']",1,0,0,0,high,"Tweet, karavanların deprem bölgelerine gönderilmesi gibi pratik bir çözüm önerisi sunuyor."
171,1622932637110108161,2023-02-07 12:17:47,#YARDIMEDİN Nesrin Kayserilioğlu Serdar Kayserilioğlu                                   Akevler Mah. Işık evleri Apt A blok kat 2 +90 (535) 883 70 76 #antakya #Hatayvaliligi #AFADhatay yakınlarımıza ulaşamıyoruz lütfen acil yardım gönderin enkaz altındalar !!! @AFADBaskanlik,1,['uzuntu'],0,7,878,1,female,person,"['enkaz', 'AFAD']",1,1,0,0,high,"Tweet, enkaz altında kalan kişilere acil yardım çağrısı yaparak pratik çözüm arayışı ve duygusal bir yardım talebi içeriyor."
172,1623472246579773440,2023-02-09 00:02:00,"@gutitoli ❗❗❗❗❗❗❗Şazi Bey, 64005. Sk. Selam Apt. Kat 2 daire 7, 46040 Kahramanmaraş Merkez/Kahramanmaraş

Muhammet Altayhan (Çağlarsu). Leyla Nergiz, Osman Çağlarsu

Arkadaşım ve ailesi enkaz altında! Büyük vinç gerekiyor lütfen duyurun!",2,['uzuntu'],0,0,8,0,male,person,['enkaz'],1,0,0,0,high,"Tweet, enkaz altında kalan kişilerin yerini ve ihtiyaç duyulan yardımı belirterek pratik çözüm ve yardım koordinasyonu sağlamaya çalışıyor."
173,1627823884958326785,2023-02-21 00:13:52,"Ben artık her an deprem olacakmış hissinden avizeye bakmaktan her an bina yıkılacak mı korkusundan enkaz altında kalırsak ölür müyüz düşüncesinden bıktım ya

Ben artık huzurla uyku uyumak istiyorum gözlerimi kapatamadıgım günlerim var 
Resmen nöbet tutuyorum 
#depremoldu #deprem",4,"['ofke', 'arzu']",9,0,618,0,female,person,"['#deprem', 'enkaz']",0,1,0,0,high,"Tweet, deprem korkusu ve huzursuzluk gibi duygusal ifadeler içeriyor."
174,1623087157832196096,2023-02-07 22:31:48,@kubrapc o enkazdan çıkan ve bir umut anne-babanasına ulaşmak için sesini duyurmaya çalışan kızcağızı susturduğu/es geçtiği için mi mükemmel bir habercilik yaptı?,1,['onaylamama'],0,0,15,0,male,person,['enkaz'],0,1,0,0,high,"Tweet, bir kız çocuğunun çaresizliğine ve umuduna odaklanarak duygusal bir ifade içeriyor."
175,1623049837045481472,2023-02-07 20:03:30,@byzabkar @alitekintr @AFADBaskanlik @Kizilay @ihhinsaniyardim @haluklevent @ahbaphatay @ahbap @ProfDemirtas @OguzhanUgur Malesef gizem'i kaybettik,1,['uzuntu'],0,0,58,0,female,person,['AFAD'],0,1,0,0,high,"Tweet, bir kişinin kaybı nedeniyle üzüntü ve yas ifadesi içeriyor."
176,1623472019680514052,2023-02-09 00:01:06,"Şu anda eğitim-öğretimi devam eden Tıp Fakültesi 1., 2. ve 3. sınıf öğrencilerinin (Tıp Fakültesi 4., 5 ve 6. sınıf hariç)   eğitimine ara verilerek, derslere 20 Şubat 2023 tarihinde başlanmasına

oy birliği ile karar verildi.

@ankarauni
@necdetunuvar
@sks_ankara
#deprem",2,['notr'],4,2,647,0,male,org,['#deprem'],1,0,0,0,high,"Tweet, eğitim-öğretimle ilgili pratik bir çözüm ve bilgi paylaşımı içeriyor."
177,1624927311790317575,2023-02-13 00:23:55,"İki süreci yönetmeyi çok iyi biliyorlar.
1 - Algı süreci
2 - Seçim süreci
Gerisi Ahmet Hakan'ın dediği gibi hava civa

#uzaktan
#Pentagon
#depremzede
#Kahramanmaras",3,['ofke'],2,1,1210,0,male,person,['#deprem'],0,0,1,1,high,"Tweet, yönetim eleştirisi ve ironi içeriyor, bu nedenle meaning_making ve avoidance kategorilerine giriyor."
178,1623472035920846848,2023-02-09 00:01:10,8) Asla sıcak su torbası ve elektrikli battaniye gibi ürünlerle hastayı ısıtmaya çalışmayın. #Deprem #Turkey,2,['notr'],0,0,192,0,female,person,['#deprem'],1,0,0,0,high,"Tweet, deprem sonrası pratik bir çözüm önerisi sunarak problem odaklı başa çıkma stratejisi sergiliyor."
179,1623471968266641410,2023-02-09 00:00:54,"ELİF ULUPINAR
ENES ULUPINAR

Yahya Kemal, Vezir Hoca Blv. No:270 46030 DULKADİROĞLU/KAHRAMANMARAŞ Saitbey sitesi özçam market bulunan bina 

İletişim: MUSA ULUPINAR (babası)0507 116 70 51

Ses var. Yardım yok. #depremsondakika #acildeprem 
@OguzhanUgur @AFADBaskanlik @haluklevent",2,['notr'],14,32,8065,1,male,person,"['#deprem', 'deprem yardım', 'AFAD']",1,0,0,0,high,"Tweet, enkaz altında kalan kişilerin yerini ve iletişim bilgilerini paylaşarak yardım çağrısında bulunuyor, bu nedenle problem odaklı bir yaklaşım sergiliyor."
180,1624921467770007553,2023-02-13 00:00:42,@KendineMuhabir Nasıl görmediniz ya çocuk Hastanesi'ne olan ihtiyaçlar iki gün önce elimize ulaşacaktı ama yardım ekibinin mini deposunu yağmalandı yeter kimse üstümüzden yalanlar söyleyerek siyaset yapmasın hala enkazın altında olan insanlarımız varken dahi siyaset yapmak nasıl vicdansızlıktır,3,"['onaylamama', 'ofke']",5,0,453,0,female,person,['enkaz'],0,0,1,0,high,"Tweet, yardımın gecikmesi ve siyaset yapılmasına yönelik eleştiri ve sorumluluk atfı içeriyor."
181,1627831491333087232,2023-02-21 00:44:05,@Kandilli_info Kurban olduğum Allah'ım Corona oldu evden çıkamadık şimdi de  depremden dolayı eve giremiyoruz. Ya rabbim sen bizi affet. Allah hepimizin yardımcısı olsun 🤲,4,['uzuntu'],6,0,1559,0,male,person,['deprem yardım'],0,1,1,0,high,"Tweet, dua ve Allah'a yakarış ile duygusal ifade içeriyor ve dini anlam çıkarma yapıyor."
182,1623472219480371200,2023-02-09 00:01:54,"İmkanı olan HERKES demir kesme makası beton kırma çekici kazım yapma aletleri alıp deprem bölgesine gitsin gidemeyenler buradan yardım toplama paketleme gibi destekler versin BUGÜN TÜM DÜNYA TÜRKİYE HERKES TÜRK sizde siyasetçi Parti valilik belediye olmayın tek yürek olun
#deprem https://t.co/Ef4bpSiUIe",2,['arzu'],0,0,192,0,male,person,"['#deprem', 'deprem yardım']",1,0,0,0,high,"Tweet, deprem bölgesine yardım için pratik çözümler ve eylem çağrısı yaparak problem odaklı bir yaklaşım sergiliyor."
183,1627826075492311041,2023-02-21 00:22:34,"Video yeni mi eski mi bilmiyorum. Sakarya Sapanca da çekilmiş. Bugün @HavaForum tarafından paylaşılmış. Bu kadar felaket normal mi ?

#depremadana #depremden #Defne #defnebelediyesi #defnedeprem #Ahbap #AhbapDernegi #HalukLevent #earthquake #AtomicHeart #Ukraine #turkeyearthquake https://t.co/6XZ2aO9MVE",4,['notr'],9,4,2638,1,male,person,['#deprem'],0,0,1,0,medium,"Tweet, yaşanan felaketlerin normal olup olmadığını sorgulayarak toplumsal bir anlam çıkarma çabası içeriyor."
184,1624927332229054464,2023-02-13 00:24:00,"Yıllarca bir ev alabilmek için çalış sonra aldığın o evden #SesimiDuyanVarmı çığlıklarıyla kurtulmayı bekle…

#depremzede",3,['ofke'],6,0,201,1,male,person,['#deprem'],0,1,1,0,high,"Tweet, deprem sonrası yaşanan çaresizlik ve hayal kırıklığını ifade ederken, aynı zamanda toplumsal bir eleştiri ve anlam çıkarma içeriyor."
185,1627825859582107648,2023-02-21 00:21:43,Allahım sen koru toprağa sakinlik ver 🤲😞🥺#Hatay #deprem #depremhatay,4,['notr'],1,0,352,0,female,person,['#deprem'],0,1,0,0,high,"Tweet, dua ve üzüntü ifadeleri içerdiği için duygusal odaklı bir tepkiyi yansıtıyor."
186,1623817841030967300,2023-02-09 22:55:17,@DemetAkalin Arkadaşlarımız SEVRANUR YOLCU ve HAYRETTİN ÇENTELİ enkaz altında AKADEMİ HASTANESİ ARKASI A BLOK 6.KAT  HATAY/ANTAKYA MERKEZ ❗️,2,['notr'],0,1,53,0,male,person,['enkaz'],1,0,0,0,high,"Tweet, enkaz altında kalan kişilerin yerini belirterek yardım çağrısında bulunuyor, bu da problem odaklı başa çıkma stratejisine girer."
187,1624928793583357954,2023-02-13 00:29:48,"Son bir haftadir sanki gunler yok oldu, saatleri sayiyoruz. Su an bu haftanin 168.saatinde oldugumuzu kime sorsaniz bilir #deprem",3,['kaygi'],1,0,135,0,male,person,['#deprem'],0,1,0,0,high,"Tweet, zamanın geçişi ve yaşanan olayların etkisiyle ilgili duygusal bir ifade içeriyor."
188,1622523614351212544,2023-02-06 09:12:29,Maraş’taki bu adres için çok acil  arama kurtarma için destek istiyoruz. Yetkililerden acil yardım bekliyoruz @AFADTurkiye @DepremDairesi @AFAD_gonullu @AFADKMaras @AFAD_Adana @AFADGaziantep @haluklevent @OguzhanUgur https://t.co/v0jf9B6LC6,1,['notr'],4,1,846,0,male,person,"['deprem yardım', 'AFAD']",1,0,0,0,high,"Tweet, acil arama kurtarma desteği talep ederek pratik bir çözüm ve yardım koordinasyonu sağlamaya çalışıyor."
189,1624882044189790214,2023-02-12 21:24:02,"Haftasonu gezisini deprem bölgesine yapan insanlar gördüm. Durumlar, storyler, paylaşımlar… İnsanların acısını paylaşın derken bunu kastetmemiştir atalarımız ‼️ #deprem #Türkiye",2,['uzuntu'],2,0,115,0,male,person,['#deprem'],0,0,1,0,high,"Tweet, insanların deprem bölgesine gezinti yapmasını eleştirerek toplumsal bir anlam çıkarma ve sorumluluk atfı yapıyor."
190,1623472325520760832,2023-02-09 00:02:19,Lütfen yayalım.. #depremsondakika #deprem #acildeprem https://t.co/vgnR9KZ9t5,2,['notr'],1,0,248,0,female,person,['#deprem'],1,0,0,0,medium,"Tweet, bilgi yayma amacı taşıdığı için problem odaklı başlık altında değerlendirilebilir."
191,1628795172623462401,2023-02-23 16:33:25,"@tele1comtr Depremin ilk gününden beridir bulunduğum şehirde 1 Ahbap üyesini görmedim.Ama AFAD,Kızılay,İHH gece gündüz demeden ne zaman gitsem oradaydılar gece-gündüz Soğuk dinlemeden çalıştılar.",4,"['onaylamama', 'ofke']",0,0,7,0,male,person,['AFAD'],0,0,1,0,high,"Tweet, belirli yardım kuruluşlarının varlığı ve yokluğu üzerinden toplumsal bir değerlendirme yaparak sorumluluk atfında bulunuyor."
192,1627827802081828866,2023-02-21 00:29:26,#depremnöbeti sokak köpekleri havladıkça gelen o korku 😔 Allahım yeryüzüne sakinlik ver ..,4,['kaygi'],5,0,48,0,male,person,['#deprem'],0,1,0,0,high,"Tweet, korku ve dua ifadeleri içerdiği için duygusal odaklı başa çıkma kategorisine girer."
193,1627827339257077760,2023-02-21 00:27:35,10 çocuk ve kadın çadırları yok soğukta dışardalar! @afadbaskanlik @kizilay @ahbap @haluklevent Kırıkhan’dalar çiftçiler ve dışardalar https://t.co/4S25Y5AYqQ,4,['notr'],10,2,841,0,female,person,['AFAD'],1,0,0,0,high,"Tweet, yardım kuruluşlarına ve kişilere doğrudan bir yardım çağrısı yaparak pratik bir çözüm arayışında bulunuyor."
194,1624925613323689984,2023-02-13 00:17:10,Bu ne şimdi ne oluyor gerçekten #deprem #uzaylılar #cisim https://t.co/nMTXqodIuU,3,['saskinlik'],3,0,232,0,female,person,['#deprem'],0,0,0,1,high,"Tweet, deprem konusunu hafifletmek için uzaylılar ve cisim gibi alakasız etiketler kullanarak ironi yapıyor."
195,1622897419796025344,2023-02-07 09:57:51,"@efeuygac @AFADBaskanlik ACİLL YARDIM!

Sümerler mahallesi A-3 blok Defne/Hatay göçük altında olanlar var.
Refika Gökdemir göçük altında.

LÜTFEN YARDIM EDİN. 
HATAY- DEFNE'YE BU ZAMANA KADAR HİÇ YARDIM GİTMEMİŞ
@AFADBaskanlik @efeuygac #deprem #YARDIM #hatayyardimbekliyor #Enkaz 
#ENKAZALTİNDAYİM",1,['notr'],1,3,173,0,female,person,"['#deprem', 'deprem yardım', 'enkaz', 'AFAD']",1,0,0,0,high,"Tweet, göçük altında kalanlar için acil yardım çağrısı yaparak pratik çözüm ve yardım koordinasyonu sağlamaya çalışıyor."
196,1623472047782301697,2023-02-09 00:01:13,@haluklevent Kahramanmaraş Onikişubat İlçesi piazza avm yakını şazibey mah ebrarlar sitesi E blok 7. Kat Sefer Dadaş saatlerdir enkaz altında ulaşılamıyor. Lütfen yardım edin 05325788718,2,['notr'],0,3,75,0,male,person,['enkaz'],1,0,0,0,high,"Tweet, enkaz altında kalan bir kişi için spesifik bir konum ve iletişim bilgisi vererek yardım çağrısında bulunuyor, bu da problem odaklı başa çıkma stratejisine girer."
197,1623471971848622081,2023-02-09 00:00:55,"🚨🚨🚨🚨🚨🚨🚨🚨🚨🚨🚨🚨🚨🚨2’si bebek 4 kişi 71 saattir enkaz altında

Adres:Kahramanmaraş/Merkez sütçü imam lisesi karşısı mehtap apt. 

Tugay Özalpay: 0532 423 0571",2,['notr'],47,163,10439,6,male,person,['enkaz'],1,0,0,0,high,"Tweet, enkaz altında kalan kişilerin yerini ve iletişim numarasını paylaşarak yardım koordinasyonu sağlıyor."
198,1622426727728160771,2023-02-06 02:47:29,"Geçmiş olsun demek isterdim lakin bu felaketin geçtiği felan yok. Gözyaşları içinde titriyorum. 
7.4 deprem 
#Malatya  #Kahramanmaraş #deprem #Adana",1,['uzuntu'],2,0,1071,0,male,person,"['#deprem', '#Kahramanmaraş']",0,1,0,0,high,"Tweet, duygusal ifadeler içeriyor ve çaresizlik ile korku duygularını yansıtıyor."
199,1623472413244592128,2023-02-09 00:02:40,"@s11b111 @showanahaber @ShowTV @Haberturk @HaberturkTV Cebrail mahallesi. Cumhuriyet caddesi. F. Anlar apartmanı. Antakya lisesi ve Antakya ögretmen evi karşısı. Hatay /Antakya 
13 yaşında AHMET EFE ERİNMEZ göçük altında kaldı.
Enkaz başında babası Murat Göztepe var.
0532 062 86 53",2,['notr'],0,0,4,0,female,person,['enkaz'],1,0,0,0,high,"Tweet, enkaz altında kalan bir kişi hakkında bilgi vererek yardım koordinasyonu sağlamaya çalışıyor."
200,1624921553358974977,2023-02-13 00:01:02,"Gaziantep’te beraber eğitim yaptığımız Davut abi ve ailesi enkaz altında kalarak vefat etmiş 

Allah rahmet eylesin 

Onlara ve tüm vefat edenlere 

1 Fatiha 3 ihlâs-ı şerif okuyalım https://t.co/uEhnNYd8fQ",3,['uzuntu'],346,35,77239,47,male,person,['enkaz'],0,1,0,0,high,"Tweet, kaybedilen bir kişi için yas ve dua içeriyor, bu nedenle duygusal odaklıdır."
201,1627821102289371138,2023-02-21 00:02:48,"Hiçbir şey olmamış gibi mi yaşayacağız.?
Herşey yolundaymış gibi kimse ölmemiş gibi mi davranacağız.? 
Mutluymuşuz gibi mi güleceğiz?
Çok zor
İnsan olan yerlerim çok ağırıyor
#depremoldu
Süleyman Soylu
06.02.2023 / 04:17 Bu tarihi ve saati asla unutmayacağız😔
#HAARP 
#Kıyamet https://t.co/qGHHTc48tT",4,['uzuntu'],61,13,15299,0,female,person,['#deprem'],0,1,1,0,high,"Tweet, duygusal ifadeler ve toplumsal anlam çıkarma içeriyor; yas ve çaresizlik duyguları ile birlikte sorumluluk atfı var."
202,1623232017633579008,2023-02-08 08:07:25,@hgnskm @BabalaTv @OguzhanUgur @ahbap @haluklevent @AFADBaskanlik @DepremDairesi Hümeyra hesabın kilidini aç bu şekilde göremezler. İnşallah tez zamanda ulaşılır enkazdakilere,1,['umut'],0,0,38,0,female,person,"['enkaz', 'AFAD']",1,1,0,0,high,"Tweet, enkaz altındakilere ulaşılması için pratik bir çözüm önerisi sunarken aynı zamanda umut ve dua içeriyor."
203,1623472253890437121,2023-02-09 00:02:02,"Deprem bölgesindeki savcılıklarımızın özellikle yıkılan binalardan demir, beton  ve benzeri numuneleri alarak milletin hakkını koruması gerekir.
#hatayiskenderun 
#birebirdayanisma 
#marasdepremi 
#Gaziantep 
#DEPREMYARDIM 
#seferberlik 
#Turkiye 
#afaddeprem 
#birebirdayanisma",2,['notr'],1,0,175,0,male,person,"['#deprem', '#Gaziantep', 'deprem yardım', 'AFAD']",0,0,1,0,high,"Tweet, yıkılan binalardan numune alınarak sorumluların hesap vermesi gerektiğini belirterek toplumsal sorumluluk ve adalet vurgusu yapıyor."
204,1623986182949314561,2023-02-10 10:04:12,@haluklevent Afad da bizim Ahbap da.,2,['notr'],0,0,21,0,male,person,['AFAD'],0,0,1,0,medium,"Tweet, AFAD ve Ahbap'ın birlikte çalıştığını belirterek toplumsal birliktelik ve dayanışma vurgusu yapıyor."
205,1623471977859096580,2023-02-09 00:00:56,"@ProfDemirtas İstanbul'da jeneratör tamircisi arkadaşım var.Deprem bölgesinde gönüllü çalışmak istiyor. Bireysel gitmek istemiyor.  @AFADBaskanlik @ahbap ile iletişim kuramamış.  Buradan @Ahbap_Ankara  veya @AFAD_Ankara görevlisi irtibata geçerse ileteyim.

Ltf RT edelim belki ilgililer götür.",2,['notr'],0,0,78,0,male,person,['AFAD'],1,0,0,0,high,"Tweet, jeneratör tamircisi bir kişinin deprem bölgesinde gönüllü çalışmak istemesi ve ilgili kurumlarla iletişim kurma çabası üzerinden yardım koordinasyonu ve pratik çözüm odaklıdır."
206,1623471939535732736,2023-02-09 00:00:47,"@BabalaTv Ses var, yaşıyor 
Enkaz altındakiler: Uğur Buğra Kaya, Mehmet Ali Caner
Adres: Cebrail Mah. Sinan Sk. F.Anlar Apt. Antakya
İrtibat: Mine Kaya (abla) 05053854553
 Teyit edildi, bildirim yapıldı",2,['notr'],14,28,1027,1,male,person,['enkaz'],1,0,0,0,high,"Tweet, enkaz altındaki kişilerin bilgilerini ve irtibat numarasını paylaşarak yardım koordinasyonu sağlıyor."
207,1623472422841159681,2023-02-09 00:02:42,"Yağmacılara karşı vur emri verilmeli! 
#hatayiskenderun #hatayiskenderun #VurEmriVerilsin #depremsondakika #TurkeyQuake",2,['ofke'],1,0,199,0,male,person,['#deprem'],0,0,1,0,high,"Tweet, yağmacılara karşı sert bir önlem alınması gerektiğini belirterek toplumsal bir sorumluluk atfında bulunuyor."
208,1622415702312321025,2023-02-06 02:03:41,"Geçmiş Olsun Türkiye 🇹🇷
Rabbim Sen Koru 🤲

#Deprem #Kahramanmaras",1,['notr'],1,1,1344,0,male,person,['#deprem'],0,1,0,0,high,"Tweet, geçmiş olsun dileği ve dua ile duygusal bir ifade içeriyor."
209,1627832553125158913,2023-02-21 00:48:18,@alniopulesitivt Köydeki akrabalarımin şehirdeki lerden bekledigi yardım çağrısı bebekler ve yaşlılar var...  Lütfen köylere el atın artık sesleri çıkmıyor diye bişey olmamiş gibi davranamayiz  @HatayValiligi @hatayafad @haluklevent @haluk @cnnturk @gundemedairhs @ https://t.co/pvE3kEqDT4,4,"['onaylamama', 'arzu']",0,0,56,0,female,person,['AFAD'],1,0,0,0,high,"Tweet, köydeki akrabalara yardım çağrısı yaparak pratik bir çözüm öneriyor ve yardım koordinasyonu sağlıyor."
210,1624928761404702721,2023-02-13 00:29:41,"Yardım çağrısı: @AFADBaskanlik 
Hayrullah Bey Mah. Sandalzade Bulv. Seçkinler Sit. C ve D Blok Kahramanmaraş. Ensar adlı kişiyle konuşulmuş ekipman olmadığı için müdahale edilemiyor. Termal kamerada ısı var .Acil yardım bekleniyor

İletişim: Av. Zehra üdürgücü
0 553 473 57 85",3,['kaygi'],686,670,104612,14,male,person,['AFAD'],1,0,0,0,high,"Tweet, enkaz altında kalan kişilere yardım çağrısı yaparak pratik bir çözüm sunuyor ve iletişim bilgileri paylaşıyor."
211,1624921640579506176,2023-02-13 00:01:23,"imam kadrosu açacağınıza,AFAD’ı güçlendirseydiniz. Türkiye’nin deprem ülkesi olduğunu bilmiyor musunuz?
vergilerimizi Diyanet’e aktaracağınıza AFAD’a verseydiniz.
İmamlar kurtaramıyor ülkeyi.Pek işe de yaramıyorlar aslında.Vatandaş cenazesini bile kendi gömmek zorunda kalmadı mı?",3,"['onaylamama', 'ofke']",104,17,4001,3,female,person,['AFAD'],0,0,1,0,high,"Tweet, hükümetin kaynak dağılımını eleştirerek sorumluluk atfı yapıyor ve toplumsal bir anlam çıkarıyor."
212,1622406692041367554,2023-02-06 01:27:52,#Diyarbakır fena sallandı.Allah yardım etsin herkese...#DEPREMOLDU,1,['notr'],1,0,1198,0,male,person,"['#deprem', 'deprem yardım']",0,1,0,0,high,"Tweet, deprem sonrası korku ve yardım dileği içeren duygusal bir ifade barındırıyor."
213,1624926208696672257,2023-02-13 00:19:32,Enkazları kaldırmaya yardıma geliyorlardır belki.. https://t.co/s3Gp01N86L,3,['notr'],1,0,76,1,female,person,['enkaz'],0,0,0,1,high,"Tweet, ironi yaparak konuyu hafifletmeye çalışıyor."
214,1624923217881186305,2023-02-13 00:07:39,"Hepsi ayrı ayrı canımı yaktı ama en çok bu çocuklar her an aklımdan çıkmadı. Çocuk için hayal kur, plan yap sonra hepsi enkaz altında kalsın. Her acının tarifi yok ama evladın bir başka. Kalanlara çok ama çok sabır gerek. Artık hayat nasıl devam eder, nasıl nefes alınır meçhul https://t.co/NRxIkxLI5o",3,['uzuntu'],1,0,46,0,female,person,['enkaz'],0,1,0,0,high,"Tweet, çocukların kaybı ve yaşanan acı üzerine duygusal ifadeler içeriyor."
215,1624924854691438592,2023-02-13 00:14:09,"İstanbul Muhtarlıkları!
Balyoz, keser, uzatma kablo, deprem anı için gerekli malzemeleri stokla. Lütfen...

#AFAD #Ahbap #Kızılay #deprem #muhtar #istanbul #balyoz #keser #inşaat #tedbir",3,['arzu'],2,0,680,0,male,person,"['#deprem', 'AFAD']",1,0,0,0,high,"Tweet, deprem anı için gerekli malzemelerin stoklanması çağrısı yaparak pratik bir çözüm öneriyor."
216,1624928784397860865,2023-02-13 00:29:46,@Yusaisback Yalancı sensin bu adama çamur atmayın artık bu adam sayesinde ve Haluk Levent sayesinde insanlara yardım edildi çenenizi kesin oturun deprem vergilerimizle kimlerin cebini doldurunuz onu açıklayın,3,['ofke'],0,0,264,2,female,person,['deprem yardım'],0,0,1,0,high,"Tweet, deprem vergilerinin yanlış kullanımı üzerinden sorumluluk atfı yaparak toplumsal bir anlam çıkarıyor."
217,1627824834796310528,2023-02-21 00:17:38,"Kriz merkezine ülkelerden uyarılar geliyor. ""Tsunami olabilir. "" Uyarısı ama sahil bölgesinden uzak durun yetmez depremzedeleri tahliye edilmesi şart. #TCDD Toros express ek sefer YAPACAK Mİ? Artk hakkında öneri maili atmaktan elim uyuştu. Var mı gelişme #depremoldu #hataydeprem",4,['kaygi'],2,0,343,0,male,person,['#deprem'],1,0,0,0,high,"Tweet, depremzedelerin tahliyesi için pratik bir çözüm önerisi ve ulaşım konusunda bilgi talebi içeriyor."
218,1623472106573860864,2023-02-09 00:01:27,Sıla Yüzgüleç 70 saattir hayatta dayanıyor makinalarla tespit edildi dairesine kadar inildi ancak çıkması için üzerindeki enkazın vinç ile alınması gerekiyor. CEBRAİL MAHALLESİ 1. BAHÇELİ SOKAK ANUR APARTMANI D BLOK ANTAKYA,2,['notr'],364,366,33756,10,male,person,['enkaz'],1,0,0,0,high,"Tweet, enkaz altındaki bir kişinin yerini ve kurtarılması için gerekli bilgileri paylaşarak pratik çözüm sunuyor."
219,1624929116616110082,2023-02-13 00:31:05,daha şaşırmam dedikçe karşıma beni şok eden kötülükler çıkıyor. depremzedelere gönderilecek yardımlara düşman olmak ne kadar alçak bir seviye https://t.co/emwEQjZINV,3,['saskinlik'],1,0,235,0,female,person,['deprem yardım'],0,0,1,0,high,"Tweet, depremzedelere yardım etmeyenleri eleştirerek toplumsal bir anlam çıkarma ve sorumluluk atfı yapıyor."
220,1624837782563610629,2023-02-12 18:28:10,"Enderun Eğitim Vakfı olarak Hatay-İskenderun bölgesindeki yardım çalışmalarımız devam ediyor. Gelen yardımları İskenderun’daki depolarımıza indirip öncelikli yardımları daha küçük araçlarla ihtiyaç sahiplerine ulaştırmaktayız.

#deprem https://t.co/qcF77tyDQm",2,['notr'],16,3,308,0,male,org,"['#deprem', 'deprem yardım']",1,0,0,0,high,"Tweet, yardım çalışmalarının nasıl organize edildiğini ve kaynakların nasıl yönlendirildiğini açıklayarak problem odaklı bir yaklaşım sergiliyor."
221,1627825523891077120,2023-02-21 00:20:23,@AFADBaskanlik Lütfen iletişime geç bizimle artık ben ve eşim şimdi kirada oturdugum iki katlı eve girsim.saglam değil bunun vebali devletim mi diyim afad mi diyim başka bişey demiyorum Hatay Dörtyol'da yaşıyoruz ve salaniyoruz halen Allah için Allah'ın hatırı da mı yon sizde 05526752163,4,['ofke'],0,0,54,0,male,person,['AFAD'],1,1,0,0,high,"Tweet, AFAD'a yardım çağrısı yaparak problem çözmeye çalışıyor, duygusal ifadeler içeriyor ve sorumluluk atfı yaparak anlam çıkarıyor."
222,1624926513903595521,2023-02-13 00:20:45,@UNALSERKAN_ @AFADBaskanlik @Halkbank @isbankasi @ahbap Bu görüntüdeki kasa size mi ait @isbankasi ? https://t.co/HeEGjiJtEQ,3,['notr'],0,0,56,0,male,person,['AFAD'],1,0,0,0,medium,"Tweet, bir bankaya ait olduğu iddia edilen bir kasanın görüntüsünü paylaşarak bilgi talep ediyor, bu da problem odaklı bir yaklaşım."
223,1622886401233616897,2023-02-07 09:14:04,"Yardım TIR'larını uğurlayan Valimiz Sn Erkan Kılıç, "" Yaşanan acı çok büyük, tekrar geçmiş olsun. Bolu halkı daha önce benzer acıları yaşamış olmamın verdiği duyarlılıkla depremzedelerimize destek olmak için tek yürek oldu. Sağ salim yardımlarımızı ulaştıracağız inşallah"" dedi. https://t.co/MxVcTbBo7n",1,"['minnet', 'uzuntu']",57,18,5471,0,male,org,['deprem yardım'],1,1,0,0,high,"Tweet, yardım TIR'larının gönderilmesiyle ilgili bilgi vererek problem odaklı bir yaklaşım sergiliyor ve aynı zamanda duygusal ifadeler içeriyor."
224,1623472266754367488,2023-02-09 00:02:05,Yardımm.. #retweet lütfen.. #afad https://t.co/83Dp79HdFm,2,['notr'],11,22,2337,0,female,person,['AFAD'],1,0,0,0,high,"Tweet, yardım çağrısı ve AFAD etiketi ile pratik çözüm ve yardım koordinasyonu içeriyor."
225,1623472430965526528,2023-02-09 00:02:44,"Enkaz da yardım bekleyenler, yaşayan insanlar hala var ve sen Bekir amca 71. saatte bizlere umut oldun sen bizim umudumuzun en büyük göstergesisin.",2,['notr'],7,1,177,0,female,person,['enkaz'],0,1,0,0,high,"Tweet, umut ve duygusal ifadeler içeriyor, ancak pratik çözüm veya anlam çıkarma yok."
226,1624921395326029828,2023-02-13 00:00:24,"Bu şahıs neden tutuklanmıyor? 
Adı artık ""ölüm"" ve ""yıkım"" kelimeleriyle birlikte anılıyor.
#deprem #dulkadiroglu #polis #Ahbap #Kahramanmaras
#Hatay #Malatya #Gaziantep #elbistanyardim #goksun
https://t.co/M8Vx6b6eTo",3,['notr'],0,0,329,0,male,person,"['#deprem', '#Gaziantep']",0,0,0,0,high,"Tweet, bir kişiye sorumluluk atfederek toplumsal anlam çıkarma ve hesap sorma içermektedir."
227,1624388044009660417,2023-02-11 12:41:04,"Deprem zedeler için toplanan yardımları,""Hicret Vakfı denen vicdansızlar götürüyor...""
Sizin vakıflarınız batsın! https://t.co/jdAcXVYpVE",2,['ofke'],322,167,10767,14,male,person,['deprem yardım'],0,0,1,0,high,"Tweet, yardım malzemelerinin kötüye kullanılması üzerinden ahlaki bir eleştiri ve sorumluluk atfı yapıyor."
228,1627824210998329344,2023-02-21 00:15:10,"İstanbulda olup uyuyabilene  tebrikler!
Uyumuyoruz
#depremoldu
#AliKocİstifa
#HAARP #Hatay",4,['ofke'],5,0,1703,1,male,person,['#deprem'],0,0,0,1,high,"Tweet, ironi yaparak konuyu hafifletmeye çalışıyor ve alakasız bir konuya geçiş yapıyor."
229,1624923332897345540,2023-02-13 00:08:06,"TEYİTLİ
Çadır telebi oluşturmak için aranacak numaralar
Malatya    : 0422 112 00 00
Maraş       : 0344 112 00 00 
Hatay        : 0326 112 00 00
Adıyaman : 0416 112 00 00 
Şanlıurfa   : 0414 112 00 00 
Diyarbakır : 0412  112 00 00
Gaziantep  : 0342 112 00 00
#deprem #acil #AHBAP",3,['notr'],1,3,471,0,female,person,['#deprem'],1,0,0,0,high,"Tweet, deprem sonrası çadır talebi için aranacak numaraları paylaşarak pratik bir çözüm sunuyor."
230,1622406163856822272,2023-02-06 01:25:46,"Ben bu yaşıma geldim böyle bir korku, panik hatırlamıyorum. #DEPREMOLDU https://t.co/khXmLnLyf1",1,['korku'],6,0,2672,1,female,person,['#deprem'],0,1,0,0,high,"Tweet, deprem sonrası korku ve panik duygularını ifade ediyor."
231,1622668410210459653,2023-02-06 18:47:51,"Selman Altunbaş.

Enkaz altında kalmış birisini arayarak dalga geçen şahsın adı. 

İleride Google aramalarında ismi gözüksün diye böyle yazıyorum bu orospu evladını.. Bir gün denk düşeriz umarım https://t.co/nmIQDcaST8",1,"['ofke', 'igrenme']",3,2,1262,0,female,person,['enkaz'],0,0,1,0,high,"Tweet, bir şahsın davranışını eleştirerek toplumsal sorumluluk ve hesap sorma amacı taşıyor."
232,1622620547480788992,2023-02-06 15:37:40,"Yeşilyurt Mahallesi Kılıçarslan sokak Afşin KAHRAMANMARAŞ. 
Haber alınamıyor. 
@DepremDairesi
 
@AFADGonulDe
@haluklevent
 
@ahbap",1,['notr'],1,3,142,0,male,person,['AFAD'],1,0,0,0,high,"Tweet, belirli bir lokasyondan haber alınamadığını bildirerek yardım çağrısında bulunuyor ve ilgili kurumları etiketliyor, bu da problem odaklı başa çıkma stratejisine girer."
233,1627823910866628608,2023-02-21 00:13:58,@muhendisbey231 Sizin kafadakilerin uzak oldugu bir kavram bu koordinasyon ve planlı hareket ediyorlar başından beri anladın,4,['onaylamama'],0,0,21,0,male,person,['AFAD'],0,0,1,0,high,"Tweet, bir gruba sorumluluk atfederek eleştiri yapıyor ve toplumsal anlam çıkarıyor."
234,1622427430915915780,2023-02-06 02:50:17,"#DEPREMOLDU 
Geçmiş olsun canım ülkem",1,"['uzuntu', 'ofke']",0,0,139,0,male,person,['#deprem'],0,1,0,0,high,"Tweet, deprem sonrası geçmiş olsun dileğiyle duygusal bir ifade içeriyor."
235,1624923181826932741,2023-02-13 00:07:30,"İstanbul Belediyeleri! 
-Her köşeye çoklu priz kurun.
-Muhtarlıklara un,şeker çuvalı stoklayın.
-Dudullu Tepesi gibi yeşil alanlara gıda sığınağı yapın. 
-Demir makas, balyoz vb. teçhizatları mahallelerin belli alanlarına anında yetişmek üzere yerleştirin.
 #AFAD #Ahbap #Kızılay",3,['onaylamama'],2,0,160,1,male,person,['AFAD'],1,0,0,0,high,"Tweet, pratik çözümler ve yardım koordinasyonu önerileri sunarak problem odaklı bir yaklaşım sergiliyor."
236,1624921622804144128,2023-02-13 00:01:19,Deprem adına henüz bir çalışmasına şahit olmadığım ve Türkiyenin en riskli bölglerinden birine başkanlık yapan biri olarak çok mantıklı konuşuyorsunuz. Bu aydınlanmayı sanırım siz de 99 dan sonra yaşamadınız İstanbula bu konuyla alakalı bir yardımınız 4 yılın sonunda görülmedi https://t.co/0Ec27ADf4A,3,['onaylamama'],1,0,342,0,female,person,['deprem yardım'],0,0,1,0,high,"Tweet, depremle ilgili sorumluluk atfı ve eleştiri içeriyor, bu da meaning_making kategorisine girer."
237,1624921856670109696,2023-02-13 00:02:14,@Esmmjk sana da iyi geceler enkaz altindakilerin gizli kahramani,3,['notr'],0,0,67,1,male,person,['enkaz'],0,1,0,0,medium,"Tweet, enkaz altındaki kişilere yönelik duygusal bir ifade içeriyor ve 'gizli kahraman' ifadesiyle şükran duygusu belirtiyor."
238,1623472145010462720,2023-02-09 00:01:36,"@hsndmn93 YARDIM!
Hüsnü Türkoğlu: 0544 907 4664
Akevler mahallesi 11. Sokak medet silfeler apt. Hatay Antakya
Enkaz altindakiler; 
Abdürrazzak Türkoğlu 
Vecihe Türkoğlu 
Ayhan Türkoğlu",2,['notr'],4,13,522,2,male,person,['enkaz'],1,0,0,0,high,"Tweet, enkaz altındaki kişilerin bilgilerini ve konumunu paylaşarak yardım çağrısında bulunuyor, bu nedenle problem odaklı bir yaklaşım sergiliyor."
239,1623471975489323008,2023-02-09 00:00:56,📌Hatay'da tam 68 saat sonra enkaz altından bir bebek kurtarıldı. Umut her daim var... https://t.co/VlgeTpfEhX,2,['umut'],1969,240,93167,13,male,org,['enkaz'],0,1,0,0,high,"Tweet, enkazdan kurtarılan bir bebek üzerinden umut duygusunu ifade ediyor."
240,1623472210894626816,2023-02-09 00:01:52,"@PincTivi Adres; Battalgazi, Dabakhane Mah. No:, Turgut Temelli Cad. No:26, 44100 Malatya(kırçuval hotel),10 üzerinde sporcu enkaz altında 70 SAATTEN FAZLADIR ENKAZ ALTINDALAR YARDIM EDİN LÜTFEN Enkaz altındakiler:Tunahan Yıldız Resul Gün Görkem Can Gündüz @haluklevent @OguzhanUgur",2,['notr'],0,3,50,0,male,person,['enkaz'],1,0,0,0,high,"Tweet, enkaz altında kalan kişilerin yerini belirterek yardım çağrısında bulunuyor, bu da problem odaklı başa çıkma stratejisine girer."
241,1627825933322268674,2023-02-21 00:22:00,İstanbul’da yaşıyorum şeker hastasıyım insülin kullanıyorum korkudan sürekli ilaç kullanıyorum 14 aylık oğluma sarılıp uyumaya çalışıyorum hayattan 14 gündür zevk almıyorum yaşamak istiyorum benim gibi kaç kişi var böyle düşünen #deprem le nasıl baş edemiyoruz.umut var mı 😥 https://t.co/BRUvU5UUsm,4,"['kaygi', 'uzuntu', 'arzu']",5,0,539,1,female,person,['#deprem'],0,1,0,0,high,"Tweet, korku ve çaresizlik gibi duygusal ifadeler içeriyor."
242,1623472065087930374,2023-02-09 00:01:17,"@berkayprofil Adıyamana acil ağır uzman ekip gelmesi gerekiyor evde 5 kişi var 3ü küçük çocuk 1.kattalar. Uzman ekip olmadığı için çalışmaya başlamıyorlar LÜTFENÇOK ACİL!! @haluklevent @OguzhanUgur #deprem #ADIYAMAN #Turkey #YARDIM
Mimar Sinan mah 1114 Sokak Ünal Petrol Arkası Merkez/ADIYAMAN",2,['notr'],0,0,5,0,male,person,"['#deprem', 'deprem yardım']",1,0,0,0,high,"Tweet, acil yardım çağrısı yaparak uzman ekip yönlendirilmesini talep ediyor ve bu nedenle problem odaklı bir yaklaşım sergiliyor."
243,1627826188570730496,2023-02-21 00:23:01,"Allah'ım ülkemize ve milletimize merhamet et beterinden koru inşallah.
#depremoldu #türkiye https://t.co/1I1cWONVfV",4,['uzuntu'],3,0,103,0,male,org,['#deprem'],0,1,0,0,high,"Tweet, dua ederek duygusal bir ifade ve umut içeriyor."
244,1622406714812256257,2023-02-06 01:27:58,Trabzon 4.20 de sallandı...#DEPREMOLDU,1,['notr'],0,0,715,0,male,person,['#deprem'],0,0,0,0,high,"Tweet sadece bir deprem bilgisini paylaşıyor, herhangi bir duygusal ifade, anlam çıkarma veya ironi içermiyor."
245,1627822500842291200,2023-02-21 00:08:22,Bu ülkenin insanları bunu hak etmedi. Hele enkaz altında kalarak ölmeyi hiç haketmedi. Gerçekten çıldırmamak elde değil. O yalın ayak yere basıp gofret bekleyen çocuklarını videolarını görünce kahroldum yattığım yatakta. Ne diyim bilemiyorum gerçekten.,4,"['ofke', 'uzuntu']",3,0,537,1,male,person,['enkaz'],0,1,1,0,high,"Tweet, duygusal ifadeler ve toplumsal anlam çıkarma içeriyor; çaresizlik ve üzüntü dile getirilmiş, ayrıca insanların bu durumu hak etmediği vurgulanmış."
246,1622410748059164672,2023-02-06 01:43:59,Dakikalarca sallandık. Bi kere daha anlamış oldum deprem anında n’apacağı bilmediğimi #DEPREMOLDU,1,['notr'],2,0,1616,0,female,person,['#deprem'],0,1,1,0,high,"Tweet, deprem anında ne yapacağını bilmediğini ifade ederek çaresizlik duygusunu ve depremden ders çıkarma anlamını içeriyor."
247,1622414368200708097,2023-02-06 01:58:23,"Ben 98 depremini de hatırlıyorum Adana’da. Ama bu çok kötüydü, çok uzundu. Allah yardımcımız olsun. Adana da çöken binalar olduğu söyleniyor.  #DEPREMOLDU",1,['uzuntu'],5,0,2569,0,female,person,"['#deprem', 'deprem yardım']",0,1,0,0,high,"Tweet, geçmiş deneyimle karşılaştırma yaparak duygusal bir ifade ve dua içeriyor."
248,1622450926328987648,2023-02-06 04:23:39,"Allah vefat eden kardeşlerimize rahmet eylesin, yaralılara da acil şifalar versin. Devletimiz seferber olmuş durumda ki uluslararası yardım istenecek kadar ciddi bir durum var. Deprem ülkesi olduğumuzu unutmamalı yaşanan bu durumlardan ders çıkarmalıyız. Allah beterinden korusun.",1,['notr'],146,14,7646,7,male,person,['deprem yardım'],0,1,1,0,high,"Tweet, duygusal ifadeler ve toplumsal anlam çıkarma içeriyor; dua ve ders çıkarma vurgulanmış."
249,1624923615983505408,2023-02-13 00:09:14,Gelen mail; Abi merhaba. Adıyaman Tut ilçesine bağlı Öğütlü köyünde arkadaşım depremde ablasını kaybetmiş ailesi ve köylüleri ile beraber branda da yaşıyorlar nolur çok acil çadır istiyorlar. Lütfen yardımcı olur musun ?,3,['arzu'],308,273,139134,10,male,org,['deprem yardım'],1,1,0,0,high,"Tweet, acil çadır ihtiyacını belirterek yardım talep ediyor ve kaybedilen bir abladan bahsederek duygusal bir ifade içeriyor."
250,1623472108331212801,2023-02-09 00:01:27,"İhmal,ihmal,ihmal…Tüm bu yaşananların tek sebebi ihmal. Binaların dikimindeki ihmaller,kurtarma ekiplerinin yetersizliğindeki ihmaller, ekipmanların yetersizliğindeki ihmaller ve nice ihmaller. Bu ihmallerin sebebinde her emeği geçen insanların Allah belasını versin! #deprem",2,['ofke'],2,0,172,0,female,person,['#deprem'],0,1,1,0,high,"Tweet, ihmallerden dolayı öfke ve lanet okuma gibi duygusal ifadeler içeriyor ve sorumluluk atfı yaparak toplumsal anlam çıkarıyor."
251,1627832769010184193,2023-02-21 00:49:10,"@Armagan_caglaya Me zaman konuşalım isterdin..?
Parası var ki yaptırıyor, çünkü deprem yardımlarıyla maaş ödemiyor değil mi.?",4,['onaylamama'],164,6,2924,6,male,person,['deprem yardım'],0,0,1,0,high,"Tweet, deprem yardımlarının yanlış kullanımı üzerinden sorumluluk atfı yaparak toplumsal bir eleştiri içeriyor."
252,1624922004968071171,2023-02-13 00:02:50,"""En büyük asker bizim asker""

Hatay’da 162 saat sonra enkazdan çıkarılan 16 yaşındaki Ayşe'nin ilk sözleri...

 https://t.co/E7ca94aOe3",3,['sevgi'],932,48,51907,2,male,org,['enkaz'],0,1,0,0,high,"Tweet, kurtarılan bir kişinin duygusal ifadesini aktarıyor ve bu, duygusal odaklı başlık altında değerlendirilebilir."
253,1627821093451927552,2023-02-21 00:02:46,"Ülkede ki her candan , nefes alan özellikle afetten etkilenmiş her candan sorumlusunuz.

Bile bile bu çocuklari ölüme gönderemessiniz , günlerdir insanlar çırpınıyo !

@TC_icisleri 
@AFADBaskanlik 
@dbakirvalilik 
@diyarbakirbld https://t.co/jA7W1NHtMl",4,['ofke'],0,0,37,0,male,person,['AFAD'],0,0,1,0,high,"Tweet, sorumluluk atfederek toplumsal anlam çıkarma ve hesap sorma içermektedir."
254,1623967199701368832,2023-02-10 08:48:46,2 depremzede ailesini #hatay dan Ankara’ya getiriyoruz. Ev için her şey lazım aklınıza ne geliyorsa. Yardım için bana ulaşabilirsiniz,2,['arzu'],1,2,327,0,male,person,['deprem yardım'],1,0,0,0,high,"Tweet, depremzedelere yardım için pratik bir çözüm ve kaynak yönlendirme çağrısı yapıyor."
255,1624921428989558785,2023-02-13 00:00:32,O kadar psikolojimiz bozulduki en ufak şeylerden bile tedirgin oluyoruz  #ufo #deprem #SONDAKIKA #Starlink,3,['kaygi'],8,0,1179,0,female,person,['#deprem'],0,1,0,1,high,"Tweet, deprem sonrası tedirginlik ve psikolojik etkilerden bahsederken, aynı zamanda #ufo ve #Starlink etiketleriyle konuyu hafifletiyor."
256,1627826022757302273,2023-02-21 00:22:22,"Depremde sadece binalar yıkılmadı. Hayaller yıkıldı, insanlık yıkıldı. Vicdan ve ahlak yıkıldı kısaca böyle bir enkaz..",4,['uzuntu'],7,1,173,0,male,person,['enkaz'],0,1,1,0,high,"Tweet, duygusal ifadeler ve toplumsal anlam çıkarma içeriyor."
257,1623471742462181378,2023-02-09 00:00:00,"TEYITLI 
ENKAZDAN SES GELIYO COK ACIL ADIYAMAN MERKEZ BAHCELIEVLER MAHALLESI ATATURK BULVARI NO:334A DILEK APARTMANI",2,['notr'],42,134,6970,6,female,person,['enkaz'],1,0,0,0,high,"Tweet, enkazdan ses geldiğini belirterek acil yardım çağrısında bulunuyor ve spesifik bir adres veriyor, bu da problem odaklı bir yaklaşımı gösteriyor."
258,1627831799547142146,2023-02-21 00:45:19,"AFAD’a göre Mustafakemalpaşa, Bursa’nın birinci derece deprem riski taşıyan ilçelerinden biridir. Bursa’da sadece merkezden değil, kendi isimleri ile İznik, Gemlik, Orhangazi, İnegöl, Mustafakemalpaşa, Karacabey, ve Mudanya’nın hemen ucundan geçen fay hatlarıdır.",4,['notr'],3,0,1128,1,male,person,['AFAD'],1,0,0,0,high,"Tweet, deprem riski taşıyan bölgeler hakkında bilgi paylaşımı yaparak pratik çözüm sunmaktadır."
259,1623472375344861185,2023-02-09 00:02:31,@birdumann Sıla Yüzgüleç 70 saattir hayatta dayanıyor makinalarla tespit edildi dairesine kadar inildi ancak çıkması için üzerindeki enkazın vinç ile alınması gerekiyor. CEBRAİL MAHALLESİ 1. BAHÇELİ SOKAK ANUR APARTMANI D BLOK ANTAKYA,2,['notr'],10,31,12448,1,male,person,['enkaz'],1,0,0,0,high,"Tweet, enkaz altındaki bir kişinin yerini ve kurtarılması için gerekli bilgileri paylaşarak pratik çözüm sunuyor."
260,1629730565854208001,2023-02-26 06:30:20,"@KendineMuhabir 85 kişi sadece bu binada. Cenazeler enkazlara!Dikkatlice aranmadan hafriyat kamyonlarıyla götürülüp moloz olarak dökülüyor.
O enkazların döküldüğü molozlar Türkiye’nin en büyük mezarlığı olacak.
Tarih,insanlık,Türkiye cumhuriyeti vatandaşları unutmasın dünyaya yeten bize yetemedi",4,['ofke'],759,50,122697,4,female,person,['enkaz'],0,0,1,0,high,"Tweet, sorumluluk atfı ve toplumsal eleştiri içeren bir anlam çıkarma ifadesi barındırıyor."
261,1624921605959712777,2023-02-13 00:01:15,Tüm üniversitelerin mimarlık ve mühendislik bölümünde okuyan öğrencilerini hocaları ile beraber deprem bölgesine yardım calışmaları için gönderin..bundan iyi ders mi olur...,3,['onaylamama'],2,1,58,0,male,person,['deprem yardım'],1,0,0,0,high,"Tweet, pratik bir çözüm önerisi sunarak yardım koordinasyonuna yönelik bir çağrı yapmaktadır."
262,1622727581211545600,2023-02-06 22:42:58,@asimmdover @GundemiAntep27 @AFADBaskanlik Ekip var ancak jeneratör yok çok acil lazım,1,['notr'],0,0,65,1,female,person,['AFAD'],1,0,0,0,high,"Tweet, jeneratör ihtiyacını belirterek pratik bir çözüm arayışında olduğu için problem odaklıdır."
263,1624923220573822976,2023-02-13 00:07:40,Afad yok. Kızılay yok. Devlet yok. Umut yok. Sesini duyan yok Adıyaman. #ADIYAMAN #deprem #AFAD #AfadabizimAhbapda #ahbab #ufo #UZAYLILAR #marasdeprem #AhmetHakan #halukleventacil #babalatv @barisatay @OguzhanUgur @haluklevent @kilicdarogluk @eczozgurozel @ekrem_imamoglu https://t.co/64zweZTHVS,3,['umutsuzluk'],1,0,507,0,male,person,"['#deprem', 'AFAD']",0,1,1,0,high,"Tweet, çaresizlik ve umutsuzluk duygularını ifade ederken aynı zamanda devletin eksikliğine dikkat çekerek sorumluluk atfında bulunuyor."
264,1622939617082179589,2023-02-07 12:45:32,"@delinindelisi0 Aysima OK'dan deprem saatinden beri haber
alamıyoruz. Hatay Antakya 2. Akevler Sk. No:34 Nuran Apt. 
#hatay #hatayyardimbekliyor #deprem #seferberlik #ACILYARDIM @AFADHatay @ahbaphatay @Haydi_Ahbap",1,['uzuntu'],9,16,585,0,female,person,"['#deprem', 'deprem yardım', 'AFAD']",1,0,0,0,high,"Tweet, kayıp bir kişi hakkında bilgi paylaşımı ve yardım çağrısı yaparak pratik bir çözüm sunuyor."
265,1623471928492032000,2023-02-09 00:00:45,ÇOK ÇOK ACİL SON SAATLER‼️İSKENDERUN ŞEHİT PAMİR CADDESİ ENKAZDA ÇOKÇA İNSAN VAR HATAYDA ÇOĞUNDAN HABER ALINAMADI LÜTFEN EKİP GÖNDERİLSİN🚨‼️⚠️ #hatayiskenderun #hatay #iskenderun #Sondakika,2,['notr'],20,74,6014,5,male,person,['enkaz'],1,0,0,0,high,"Tweet, enkazda kalan insanlar için acil yardım çağrısı yaparak pratik bir çözüm öneriyor."
266,1623472353329004544,2023-02-09 00:02:26,bir kısmı enkaz altında kalanların yakınlarına ayrılsın bunlar ayriyeten tespit edilerek dağıtılması gerekiyor zor bir iş fakat yapabileceklerimizi hızlı bir şekilde gerçekleştirelim,2,['notr'],2,2,200,0,male,person,['enkaz'],1,0,0,0,high,"Tweet, enkaz altında kalanların yakınlarına yardımın hızlı ve organize bir şekilde ulaştırılması gerektiğini belirterek pratik bir çözüm öneriyor."
267,1627826940512989188,2023-02-21 00:26:00,"Deprem bölgesinde yaşanan travmalara diğer şehirlerdeki ekran bağımlılığı da ekleniyor ve çok tuhaf bir yöne doğru gidiyoruz. Bir yardımımız dokunmayacaksa ekrandan uzak durmakta fayda var. Çünkü empati, hemhal olmak diye bir şey yoktur. Ateş her zaman düştüğü yeri yakar.",4,"['kaygi', 'umutsuzluk']",12,0,789,0,male,person,['deprem yardım'],0,0,1,0,high,"Tweet, empati eksikliği ve ekran bağımlılığı üzerinden toplumsal bir eleştiri yaparak anlam çıkarma içeriyor."
268,1622406669501071360,2023-02-06 01:27:47,"Adana’da neredeyse ilk defa böyle deprem oldu sanırım, karşıdaki ew resmen sağa sola gidiyor balkondan içeri giremedim resmen #deprem #depremadana",1,['saskinlik'],0,0,763,0,male,person,['#deprem'],0,1,0,0,high,"Tweet, depremin yarattığı korku ve şaşkınlık duygularını ifade ediyor."
269,1627828769967726596,2023-02-21 00:33:17,Hala inanamıyorum İkiniz beraber en güzel yerde cok mutlu olun yakında buluşmak üzere her şeyim sol yanımdaki meleğim oldun artık bu kader değil ❤️ #deprem #ilaydagezmen https://t.co/pyMQfvUVlA,4,['sevgi'],43,2,4885,2,female,person,['#deprem'],0,1,1,0,high,"Tweet, kaybedilen kişilere duyulan özlem ve yas ifadesi içerirken, aynı zamanda 'bu kader değil' ifadesiyle anlam çıkarma çabası gösteriyor."
270,1622543807148335109,2023-02-06 10:32:43,Giresun da sallandı yine  #deprem,1,['notr'],0,0,729,0,male,person,['#deprem'],0,0,0,0,high,"Tweet sadece bir gözlem bildiriyor, herhangi bir duygu, anlam çıkarma veya problem çözme içermiyor."
271,1623472005742751744,2023-02-09 00:01:03,"ACİL RT LÜTFEN !!! Elbistan Barış Derbent Mahallesi , Hüseyin Gök Evi ! Bir anne halen enkaz altında ve ses yok diye AfAD bakmamış , anne zaten konuşamıyor ACİL YARDIM ! KAHRAMANMARAŞ - ELBİSTAN 
@OguzhanUgur @AFADBaskanlik @BabalaTv @PincTivi @haluklevent @moodegram",2,['notr'],1,1,265,1,male,person,"['enkaz', 'AFAD']",1,0,0,0,high,"Tweet, enkaz altındaki bir kişi için acil yardım çağrısı yaparak pratik bir çözüm sunuyor."
272,1624128689565798408,2023-02-10 19:30:29,"Türkiye Komünist Partisi üyeleri deprem bölgesinde çorba yapmış, dağıtıyor.
Depremzedelere yardıma gelen Finike Ülkü Ocakları’nın bir üyesi çorbasını alıyor.

Türkiye Cumhuriyeti budur.
Vatanın selameti için, herkes omuz omuza vermeli.
Arada ayrı, gayrı olmamalı.
Bu vatan bizim. https://t.co/rPQgMNHQnj",2,"['sevgi', 'onaylama']",50,12,3121,0,male,person,['deprem yardım'],1,0,1,0,high,"Tweet, deprem bölgesinde yapılan yardımları ve işbirliğini vurgulayarak pratik çözüm ve toplumsal birlik mesajı veriyor."
273,1623472216137498624,2023-02-09 00:01:53,Arkadaşlar Allah rkzası için sesimizi duyuralım 100 kişinin hayatı söz konusu kepçe ve ahır tonajlı vinç lazım lütfen yardım edin bölgeye ekip gönderelim #hatayyardimbekliyor #AFADhatay #afaddeprem #AhbapDernegi #HalukLevent #OguzhanUgur https://t.co/EY6nifpNUV,2,['arzu'],4,3,329,1,male,person,"['deprem yardım', 'AFAD']",1,1,0,0,high,"Tweet, yardım çağrısı yaparak pratik çözüm öneriyor ve duygusal bir ifade içeriyor."
274,1624927559484948481,2023-02-13 00:24:54,@AlaaddinCosar38 @themarginale Diyanet de orda bir taşı kaldirsa enkaz altında birini kurtarsa günah mı işlemiş olur hocam merak ettim.,3,['onaylamama'],0,0,25,0,male,person,['enkaz'],0,0,1,0,high,"Tweet, Diyanet'in deprem sonrası yardım etmesi gerektiği üzerine ahlaki bir sorgulama yaparak toplumsal sorumluluk atfında bulunuyor."
275,1624921597567029248,2023-02-13 00:01:13,"@izzetbey55 Evladının olduğu enkazın başında günlerce onun sağ salim çıkarılmasını bekleyen acılı bir babanın yüreği senin için bir şey ifade etmiyor mu? Siz, insanlıktan nasibini almamış tipler ne zaman, ne ara türediniz ? Aklım almıyor.",3,"['saskinlik', 'ofke']",91,1,7134,1,male,person,['enkaz'],0,1,1,0,high,"Tweet, duygusal ifadeler ve insanlık sorgulaması üzerinden anlam çıkarma içeriyor."
276,1624925572806635521,2023-02-13 00:17:00,Bitmiyor aq mağdur edebiyatı onlarca suriyeli çıkarıldı enkazdan daha ne kadar sınanacak bu millet ya sabır! https://t.co/ku6DrWFVcG,3,"['kaygi', 'ofke', 'uzuntu']",0,0,190,0,male,person,['enkaz'],0,1,1,0,high,"Tweet, duygusal bir ifade olan 'ya sabır' ifadesiyle çaresizlik ve sabır vurgusu yaparken, aynı zamanda Suriyelilerin varlığı üzerinden toplumsal bir eleştiri ve sorumluluk atfı içeriyor."
277,1627830059896545285,2023-02-21 00:38:24,"İki haftadır insanlara çadır bulamadılar. Geceleri hava dondurucu soğuk. İnsanlar çadır bulamadığı için hasarlı evlerine girmek zorunda kaldılar, o evleri de yeniden başlarına yıkıldı. Allah belanızı versin göz göre göre enkaz altında kaldı insanlar. Son dakika",4,"['kaygi', 'uzuntu']",33,5,10927,4,male,person,['enkaz'],0,1,1,0,high,"Tweet, çaresizlik ve öfke duygularını ifade ederken aynı zamanda sorumluluk atfı yaparak anlam çıkarıyor."
278,1627822210097287173,2023-02-21 00:07:13,@AFADBaskanlik İnanılmaz bir durum,4,['saskinlik'],0,0,24,0,male,person,['AFAD'],0,1,0,0,medium,"Tweet, şaşkınlık ve duygusal bir tepki içeriyor ancak pratik çözüm, anlam çıkarma veya konuyu hafifletme içermiyor."
279,1624926784339775491,2023-02-13 00:21:49,2 ay sonra butun bu yardim kampanyasi yapan arkadaslari gormek isteriz #deprem,3,['arzu'],0,0,108,0,male,person,['#deprem'],0,0,1,0,high,"Tweet, yardım kampanyası yapanlara yönelik bir sorumluluk atfı ve toplumsal bir anlam çıkarma içeriyor."
280,1624577411139485702,2023-02-12 01:13:32,"- HALK ı KİN ve DÜŞMANLIK a
  SEVK ETmek BAHANE si ile
  VATANDAŞı 👀 ALTIna ALMAyın❗️

- yeteri kadar 
   KİN ve DÜŞMANLIK a SAHİB iz
   KİMSEye İHTİYACımız YOK❗️

- #SARAYrejimiENKAZaltında❗️",2,['ofke'],2,0,52,0,female,person,['enkaz'],0,0,1,0,high,"Tweet, hükümete yönelik eleştiri ve sorumluluk atfı içeriyor, bu da meaning_making kategorisine girer."
281,1624925122514624512,2023-02-13 00:15:13,"Kardeşiz, canız, tekiz. Canımız yanıyor, yattığım yatak yediğim yemek aldığım nefes çok zoruma gidiyor. #Hatay #ElbistanYardımBekliyor  #malatyadepremi 
#hatayantakyayardimbekliyor",3,['uzuntu'],6,0,209,0,male,person,['deprem yardım'],0,1,0,0,high,"Tweet, duygusal ifadeler içeriyor ve deprem sonrası yaşanan acıyı dile getiriyor."
282,1623472137968267264,2023-02-09 00:01:35,"@Listenary Hatay/Antakya
Akasya mh. Şehit İlker Düzova sk. no:19
Mustafa Gövce 70 saate yakın süredir enkaz altında hala kurtarılmayı bekliyor. Ailelerinin elinde ekipman olmadığı için çaresizce bekliyorlar.",2,['uzuntu'],4,8,127,0,male,person,['enkaz'],1,1,0,0,high,"Tweet, enkaz altında kalan bir kişi için konum bilgisi vererek yardım çağrısında bulunuyor ve çaresizlik duygusunu ifade ediyor."
283,1627826724904869888,2023-02-21 00:25:09,Allahım sen hepimizi koru Amin #deprem,4,['kaygi'],1,0,213,0,male,person,['#deprem'],0,1,0,0,high,"Tweet, dua ederek korku ve çaresizlik gibi duygusal ifadeler içeriyor."
284,1624791610889314304,2023-02-12 15:24:41,"Depremde enkaz altında ailesini, dostunu kaybetmiş, her şeyini kaybetmiş, cenazesini bile bulamayan, insanların feryadlarının taklidini yapıp hakaret etmenin cezası yok mu? https://t.co/AMCEXzxisp",2,['ofke'],11,0,2109,1,male,person,['enkaz'],0,1,1,0,high,"Tweet, kayıplar ve acı üzerinden duygusal bir ifade içeriyor ve toplumsal sorumluluk sorgulaması yapıyor."
285,1623472414158905346,2023-02-09 00:02:40,"@OguzhanUgur Sınıf arkadaşımız Ekin Mira ve annesi hala enkaz altında. Ekipler Nolursunuz yardımcı olun 

Kahramanmaraş/ Onikişubat Piazza AVM yakınlarında Şazi Bey Mahallesi Ebrar Sitesi E Blok Kat 3",2,['notr'],86,131,13416,6,female,person,['enkaz'],1,1,0,0,high,"Tweet, enkaz altında kalan kişilerin yerini belirterek yardım çağrısında bulunuyor ve duygusal bir yardım talebi içeriyor."
286,1627829156875579392,2023-02-21 00:34:49,"Uyku yok uyuyamıyorum bunları izleyip izleyip ağlıyorum bide orda olsam ne oludum bilmiyorum ALLAH YARDIMCINIZ OLSUN 🙏☹️

CNN TÜRK son dakika 
#Hatay #Kahramanmaraş #Adana #HAARP
Bismillahirrahmânirrahîm https://t.co/RRIedNPLTN",4,['kaygi'],186,7,55654,1,female,person,['#Kahramanmaraş'],0,1,0,0,high,"Tweet, çaresizlik ve dua içeren duygusal ifadeler barındırıyor."
287,1624929110098161666,2023-02-13 00:31:04,"Fethullah Gülen, bir kez daha depremzedeler için ‘yardım’ çağrısı yaptı: İnsanları teşvik edin https://t.co/lBHt26JfOm",3,['arzu'],217,143,3283,1,male,org,['deprem yardım'],1,0,0,0,high,"Tweet, depremzedeler için yardım çağrısı yaparak pratik bir çözüm öneriyor."
288,1628470503609364480,2023-02-22 19:03:18,"Deprem bölgesinde yardım çalışmalarına katılan Kızılelma Derneği'nin başkanı Koray BUZ ile deprem bölgesini ve yaptıkları çalışmaları konuşacağız.
@haydisendegelSa

26 Şubat Pazar
Saat: 20.00 https://t.co/TG5pJv09zg",4,['notr'],20,8,915,0,male,person,['deprem yardım'],1,0,0,0,high,"Tweet, yardım çalışmalarına katılan bir dernek başkanı ile yapılacak bir konuşmayı duyurarak bilgi paylaşımı ve yardım koordinasyonu sağlıyor."
289,1627825560633151488,2023-02-21 00:20:31,"115 milyar 146 milyon 528 bin TL yardım parası?
743 milyar 418 milyon 456 bin TL deprem vergisi?

#YardımParalarıNerede",4,['notr'],118,59,5057,6,female,person,['deprem yardım'],0,0,1,0,high,"Tweet, yardım paraları ve deprem vergileri üzerinden hesap sorma ve toplumsal sorumluluk atfı yapmaktadır."
290,1624922616925417472,2023-02-13 00:05:16,2. Sana kim bunu yaptıysa ifşa etki; biz de bilelim yanlışsa yüzüne tükürelim. Ama sen bari sosyal kırım yapıp insanları enkazda bırakma @haluklevent,3,['ofke'],541,203,22911,5,male,person,['enkaz'],0,0,1,0,high,"Tweet, bir kişiye sorumluluk atfederek toplumsal bir anlam çıkarma ve hesap sorma içermektedir."
291,1624929056956317698,2023-02-13 00:30:51,"Deprem bölgesine çadır yardımı istiyoruz ‼️

@Koctas
 
@DecathlonTurkey
 
@SportPointX
 
@Columbia_TR
 
@tekzenturkiye

🚨 Kopyala-yapıştır yaparak yayalım lütfen.",3,['arzu'],0,0,101,0,male,person,['deprem yardım'],1,0,0,0,high,"Tweet, deprem bölgesine çadır yardımı talep ederek pratik bir çözüm ve yardım koordinasyonu sağlamaya çalışıyor."
292,1624923724506927105,2023-02-13 00:09:40,@adiyamnin50tonu Arkadaki de insanların hakkını yemekten bahsediyor. Depremin 6. Günü deprem bölgesine gelmiş konuştuğu şeyler depremin 1. Günü de varmış gibi konuşmak enkaz altında bir hafta boyunca yatan insanların hakkına girmekten başka hiçbir şey değil. Allah sizi sizin gibilerle sınasın.,3,['ofke'],9,0,270,0,female,person,['enkaz'],0,1,1,0,high,"Tweet, duygusal bir ifade olan 'Allah sizi sizin gibilerle sınasın' ifadesiyle birlikte, sorumluluk atfı ve eleştiri içermektedir."
293,1627825649137115138,2023-02-21 00:20:52,"İstanbulda ve ulkenin çoğunda her gece böyleyiz artık.. Her gece yaptigimiz uyku rutini bile, ne büyük nimetmis🥺
#depremoldu #HAARP https://t.co/e763pWumpo",4,['kaygi'],91,3,24164,1,female,person,['#deprem'],0,1,0,0,high,"Tweet, uyku rutininin kıymetini anlama ve duygusal bir ifade içeriyor."
294,1624925411363766273,2023-02-13 00:16:22,"Bir hafta once umutla devam ettigimiz hayatlarimiz, hayallerimiz vardi. Bugun Maslow https://t.co/2mrCubWuHn en alt tabakaya sahipsek once utandigimiz sonra sukrettigimiz hayatlarimiz var #deprem.",3,['pismanlik'],0,0,83,0,male,person,['#deprem'],0,1,1,0,high,"Tweet, duygusal ifadeler ve toplumsal anlam çıkarma içeriyor; umut, utanç ve şükran duygularını ifade ediyor ve Maslow'un ihtiyaçlar hiyerarşisine atıfta bulunarak anlam çıkarıyor."
295,1622418200179752967,2023-02-06 02:13:36,"Arkadaşlar lütfen beni aramayin lütfen rica ediyorum ben iyiyim beni aramayin. Aramalar yüzunden 40 dakikadır ailemden hsbern alamiyroum
#Gaziantep",1,['uzuntu'],78,9,9078,2,male,person,['#Gaziantep'],1,0,0,0,high,"Tweet, aramaların kesilmesi için bir çağrı yaparak pratik bir çözüm öneriyor."
296,1623559778214768645,2023-02-09 05:49:50,Bunu da attık hafızaya #DEPREMOLDU https://t.co/nGoqMxUpLP,2,['notr'],1,0,82,0,female,person,['#deprem'],0,0,0,1,high,"Tweet, deprem konusunu hafifletme ve mesafe koyma amacı taşıyan bir ifade içeriyor."
297,1624928796905287683,2023-02-13 00:29:49,@OguzhanUgur @haluklevent @ahbap @AFADTurkiye  canli bebek ihbari lutfen dikkat! https://t.co/l488pCis2P,3,['notr'],0,0,21,0,male,person,['AFAD'],1,0,0,0,high,"Tweet, canlı bebek ihbarı yaparak yardım koordinasyonu sağlamaya çalışıyor."
298,1627827381086961665,2023-02-21 00:27:45,tarsus’ta yaşayan biri olarak hatay’daki depremden evim felaket bi şekilde sallandıysa adana’da beklenen deprem sonucu enkaz altında kalacağımı garanti ediyorum. önlem alınmadığı müddetçe olur da enkaz altında kalırsam kimseye hakkım helal değil #Adana #mersin #deprem,4,['kaygi'],255,28,53458,7,female,person,"['#deprem', 'enkaz']",0,1,1,0,high,"Tweet, deprem korkusu ve çaresizlik duygularını ifade ederken, aynı zamanda önlem alınmadığı için sorumluluk atfı yapıyor."
299,1628294354589589505,2023-02-22 07:23:21,@ardayeey Ben enkazdan sonra helikopter ile hastaneye sevk edildim. Kırıklarım olduğu için tedavi görüyorum. Ama orada 1. Dereceden akrabalarım var. Haber alıyorum.,4,['uzuntu'],0,0,480,1,female,person,['enkaz'],0,1,0,0,medium,"Tweet, enkazdan kurtulma ve akrabalarından haber alma sürecinde duygusal bir ifade içeriyor."
300,1627826644797820930,2023-02-21 00:24:50,@umutisigimidi @yirmiucderece Afada gidince saatimize bakıp dediler merak etme yapıyorlar boyle sakalar 🤣🤣,4,['mutluluk'],1,0,172,0,male,person,['AFAD'],0,0,0,1,high,"Tweet, ironi ve mizah kullanarak konuyu hafifletmeye çalışıyor."
301,1627827146516230144,2023-02-21 00:26:49,"Sevdigin siyasiyi ben sevmem, 
sevdigimi de sen sevmezsin!

bana saygı duy, haklarımı koru, beni sev, beni dinle, ben varım,insanım, can taşıyorum, duygularım var, sevdiklerim var, vatanımız aynı aynı sudan içtik neden düşman olmalıyız?

#Hatay #depremoldu #YardımParalarıNerede",4,['sevgi'],0,0,472,0,male,person,"['#deprem', 'deprem yardım']",0,1,0,0,high,"Tweet, duygusal ifadeler ve toplumsal anlam çıkarma içeriyor; insanlar arasındaki düşmanlığı sorguluyor ve birlik çağrısı yapıyor."
302,1623471814075621377,2023-02-09 00:00:17,"@OguzhanUgur General Şükrü Kanadlı Cd. 21
31030 Hatay Merkez 
Hatay/Türkiye -Asi Nehri ❗️❗️❗️❗️❗️ACİL YARDIM EKİP BEKLENİYOR ENKAZLARI ANCAK BÜYÜK MAKİNELER KALDIRABİLİR AYRICA ÇADIR BATTANİYE VE GIDA İHTİYACI VAR YARDIM BEKLİYORUZ ❗️❗️❗️❗️❗️❗️❗️❗️❗️@AFADHatay @OguzhanUgur @HatayValiligi",2,['notr'],0,0,32,0,male,person,"['enkaz', 'AFAD']",1,0,0,0,high,"Tweet, enkaz koordinatı vererek acil yardım çağrısı yapıyor ve pratik çözümler öneriyor."
303,1624923486979297283,2023-02-13 00:08:43,"Türkiye'de 22 yılda 38 milyar 227 milyon dolar deprem vergisi toplandı. 

Bu vergiyle 96 metrekare büyüklüğünde 1,3 milyon konut yapılabilirdi. (Euronews) #uzaylılar #deprem istanbulda",3,['notr'],6,1,317,0,male,person,['#deprem'],0,0,1,0,high,"Tweet, toplanan deprem vergileri üzerinden toplumsal bir eleştiri ve sorumluluk atfı yaparak anlam çıkarma kategorisine giriyor."
304,1623472239441059842,2023-02-09 00:01:59,Bekir Amca Kurtarıldı 🙏 #Bekir #Gaziantep https://t.co/VzxOfrm52d,2,['notr'],0,0,276,0,male,person,['#Gaziantep'],0,1,0,0,high,"Tweet, kurtarılan bir kişi için şükran ve sevinç ifadesi içeriyor."
305,1623472313319530497,2023-02-09 00:02:16,"@epikmessianlari MSKÜ PDR ÖĞRENCİSİ 
+90 (507) 933 13 25  Furkan Çelik (23)
Saatlerdir enkaz altında binaya kimse gitmemis lütfen arkadaşımızı ölüme terketmeyelim
KAHRAMANMARAŞ DULKADİROĞLU MENDERES MAHALLESİ TRABZON BULVARI NO 127 AĞAOĞLU SİTESİ B BLOK",2,['uzuntu'],0,1,20,0,male,person,['enkaz'],1,0,0,0,high,"Tweet, enkaz altında kalan bir kişi için yardım çağrısı yaparak pratik bir çözüm sunuyor."
306,1623471864122056704,2023-02-09 00:00:29,enkaz altındayım Hatay'dayım sarjım 3 nefes alamıyorum annem ses vermiyor öldü galiba lütfen yayın bunu Ekinci Mah. İnönü Cad. B blok 3. kat nefes alamıyorumm yardım edin,2,['notr'],194,301,35944,10,male,person,['enkaz'],1,1,0,0,high,"Tweet, yardım çağrısı ve konum bilgisi vererek pratik çözüm arayışında ve aynı zamanda çaresizlik ve korku duygularını ifade ediyor."
307,1624922212846149634,2023-02-13 00:03:39,"Ne zaman duyacaksınız ? Ne yapmak lazım vedat cuci ve ailesini çıkartmak için , yazmadığım başvurmadığım kurum kalmadı , sonuç , yine döndük tweetler den medet aramaya , sanatçı , ekonomist  etiketliyorum , o ufacık ihtimale tutunup ... lütfen!! @AFADHatay @BabalaTv @ahbap",3,['ofke'],2,4,388,0,female,person,['AFAD'],1,1,0,0,high,"Tweet, yardım çağrısı yaparak pratik çözüm arayışında ve çaresizlik duygusu ifade ediyor."
308,1623472269849726976,2023-02-09 00:02:06,"Uçakta son eğitimi alıyor izliyor dinliyor, yükü ağır enkazdan can çıkarttıracak bu can dostlarımız canlarımız🙏😔🐾
#deprem 🙏😔 
#hayvanlarolmadanasla..🐾 https://t.co/BVHIRbq3Ie",2,['uzuntu'],139,29,1951,2,male,person,"['#deprem', 'enkaz']",0,1,0,0,high,"Tweet, duygusal ifadeler ve sembollerle (🙏😔🐾) köpeklerin enkazdan can kurtarma çabalarına duyulan minnettarlığı ve duygusal bağlılığı ifade ediyor."
309,1622514149480620032,2023-02-06 08:34:52,"KiMSE GITMIYOR LÜTFEN 4 saattir enkaz altindalar gok yaslilar anneannem ve dedem Hatay/iskenderun Cay Mahallesi
Sahil Caddesi Eren Apartmani bina tamamen yikilmis durumda lütfen birileri yardim etsin teyzem tek basina enkazin yaninda #deprem #enkazaltındayım",1,['uzuntu'],6,7,702,0,male,person,"['#deprem', 'enkaz']",1,1,0,0,high,"Tweet, enkaz altında kalanlar için yardım çağrısı yaparak problem odaklı bir yaklaşım sergiliyor ve aynı zamanda çaresizlik ve yardım isteği duygularını ifade ediyor."
310,1622494434632908803,2023-02-06 07:16:32,Sincik-Adiyamanda da Depremin üzerinden 6 saat geçmesine rağmen herhangi bir yardım gelmedi  enkaz altında kurtarılmayı bekliyorlar     #deprem #ahmetaydin,1,['notr'],3,2,410,0,male,person,"['#deprem', 'deprem yardım', 'enkaz']",0,1,0,0,high,"Tweet, yardım gelmemesi nedeniyle çaresizlik ve endişe ifade ediyor."
311,1624927698748420097,2023-02-13 00:25:27,"O bölgedeki genel sorunların anlık değişimi hayret verici gerçekten. 1 saat önce büyük sorun olan şeyler bolluğa, bolluk olan şeyler soruna kıtlığa dönüşebiliyor veya hiç umulmadık şeyler ulaşılmaz duruma geliyor. AFAD zaten bunun böyle olmaması için yok mu ?",3,['saskinlik'],3,0,90,0,male,person,['AFAD'],0,0,1,0,high,"Tweet, AFAD'ın varlık amacını sorgulayarak sorumluluk atfı yapıyor ve toplumsal bir anlam çıkarıyor."
312,1623472090589413376,2023-02-09 00:01:23,TEYİTLİ ACİLL PAYLAŞIN ! #depremsondakika #ADIYAMAN #afad #HalukLevent #SESGELİYOR https://t.co/dVxGzfEFsH,2,['notr'],2,5,492,0,male,person,"['#deprem', 'AFAD']",1,0,0,0,high,"Tweet, teyitli bilgi paylaşımı ve yardım koordinasyonu amacı taşıyor."
313,1627831103322042370,2023-02-21 00:42:33,@mutsuz4m Afada güvenip para göndermediğim için kendimi tebrik ediyorum,4,['notr'],4,0,899,0,male,person,['AFAD'],0,0,1,1,high,"Tweet, AFAD'a güvenmeme üzerinden sorumluluk atfı ve ironi içeriyor."
314,1627824527399952384,2023-02-21 00:16:25,"birlik olalım birbirimizi ALLAH için sevelim, partizanliktan vazgeçelim 
Ateisti, putperesti, sağcısı, solcusu, Müslümanı Hristiyanı bu memleketin suyunu içmiş olan herkes başı daralinca  ALLAH der memleketimizin mayası böyle

#Hatay #depremoldu #YardımParalarıNerede",4,['arzu'],1,0,368,0,male,person,"['#deprem', 'deprem yardım']",0,0,1,0,high,"Tweet, toplumsal birlik ve dini anlam çıkarma üzerine vurgu yaparak meaning_making kategorisine giriyor."
315,1623472000147529729,2023-02-09 00:01:02,Enkazdan çıkartılan yaralıların biran önce kayıtları düzenlenip hangi şehirde hangi hastanede tedavi gördükleri herkesin ulaşabileceği platformlar da yayınlanmalıdır. #deprem,2,['notr'],2,0,150,1,male,person,"['#deprem', 'enkaz']",1,0,0,0,high,"Tweet, yaralıların kayıtlarının düzenlenmesi ve paylaşılması gibi pratik bir çözüm önerisi sunuyor."
316,1625916669146038277,2023-02-15 17:55:16,"Depremden bana kalan onlarca keramet ve yüzlerce anne, abi, kardeş, abla oldu.

İlk günden itibaren yardımlarımızda bizimle olan ailem, akrabalarım, dostlarım ve özellikle Yusuf kardeşime teşekkür ediyorum. 

Milletimize aşığız. ❤️

Artık önlem alıp, hazırlıklı olma vakti ! https://t.co/GSpaXWEEYw",3,['minnet'],13,0,984,0,male,person,['deprem yardım'],1,1,0,0,high,"Tweet, yardım çağrısı ve teşekkür içerdiği için problem_focused ve duygusal ifadeler içerdiği için emotion_focused kategorilerine girer."
317,1627822962521911297,2023-02-21 00:10:12,"75 çadır kime yetecek???
Hatay Defne İlçesi'ne bağlı 30 bin nüfuslu Ekinci Mahallesi'ne Suudi Arabistan'dan sadece 75 tane çadır geldi.
#Deprem https://t.co/CLOLZsaKLI",4,['notr'],233,96,15637,11,female,person,['#deprem'],0,0,1,0,high,"Tweet, yardımın yetersizliğine dikkat çekerek sorumluluk atfı yapıyor ve toplumsal bir eleştiri içeriyor."
318,1622515242960912390,2023-02-06 08:39:13,"LÜTFEN YARDIM EDİN ‼️Arkadaşımız göçük altında haber alamıyoruz HATAY MERKEZ , GÜZELBİRLİK MAHALLESİ KÜME EVLER 600 konutlar SİTESİ 11.Blok KAT 1  ÖMER EMEÇ #ENKAZALTİNDAYİM #hatay #antakya @AFADBaskanlik @AFADHatay",1,['notr'],4,13,2812,3,male,person,"['enkaz', 'AFAD']",1,1,0,0,high,"Tweet, enkaz altında kalan bir kişi için yardım çağrısı yaparak pratik çözüm arayışında ve duygusal bir yardım talebi içeriyor."
319,1624926726219341824,2023-02-13 00:21:35,Bir annenin enkaz altındaki evladına sesini duyurmak için seslenişi izledim yüreğime oturdu. Kulağımdan umutsuz bir anne sesinin evlat için nasıl güçlendiği hiç gitmiyor.,3,['uzuntu'],80,5,13530,6,male,person,['enkaz'],0,1,0,0,high,"Tweet, bir annenin çaresizliğini ve duygusal durumunu vurgulayan ifadeler içeriyor."
320,1624921489035198468,2023-02-13 00:00:47,"🇶🇦🇹🇷 Depremin ilk gününden bu yana Katar Hava Kuvvetleri'ne ait C17 uçakları deprem bölgesine 20 sefer düzenledi. Bu uçuşlarda çadırlardan battaniyelere ve sağlık malzemelerine çok sayıda yardım malzemesi gönderildi 🙏

Ayrıca deniz yoluyla 10.000 konteynerın gelmesi bekleniyor. https://t.co/lbtLdi9wz4",3,['notr'],59,2,9271,0,male,org,['deprem yardım'],1,0,0,0,high,"Tweet, yardım malzemelerinin taşınması ve lojistik detayları hakkında bilgi vererek pratik çözüm ve kaynak yönlendirme içeriyor."
321,1623472288476680199,2023-02-09 00:02:10,"40 SAAT SONRA ENKAZDAN ÇIKARILDI

#Merzifon Belediyesi İtfaiye Müdürlüğü enkaz altından uzun bir arama kurtarma çalışması sonucu tam 40 saat sonra bir depremzedeyi daha hep birlikte çıkarıyorlar 👏

#deprem #kahramanmaraş #merzifon #amasya https://t.co/pUMOqvHiSu",2,['notr'],10,6,759,0,male,org,"['#deprem', '#Kahramanmaraş', 'enkaz']",1,1,0,0,high,"Tweet, arama kurtarma çalışması hakkında bilgi veriyor ve duygusal bir başarı ifadesi içeriyor."
322,1627830642288336896,2023-02-21 00:40:43,"Ailem çaresizlikten bu eve giriyorlar, 70 yıllık ev hasar tespit de yapılmadı henüz,evlere girmeyin tamam ama nasıl? Ne yapsınlar,yaşlılar ve hastalar! Adananın  yoksul mah. bu şeklde Hürriyet Mah burası. @csbgovtr @Adana_Bld  @AFAD_Adana @AFADBaskanlik @TCAdanaValiligi https://t.co/6HIPjkRI6q https://t.co/Rd52K7ZMLs",4,['notr'],4,2,503,0,male,person,['AFAD'],1,1,0,0,high,"Tweet, yetkililere seslenerek yardım talep ediyor ve çaresizlik duygusunu ifade ediyor."
323,1622710670817984534,2023-02-06 21:35:47,"AFAD koordinasyonunda çalışmalara katılan Beykoz Belediyesi arama-kurtarma ekipleri Hatay'ın Kırıkhan ilçesinde enkaz altında kalan 1 kişiyi sağ kurtardı.

#DevletMilletElele https://t.co/AEJirzImZZ",1,['notr'],0,1,230,0,male,person,"['enkaz', 'AFAD']",1,0,0,0,high,"Tweet, arama-kurtarma ekiplerinin çalışmaları hakkında bilgi vererek pratik bir çözüm sunuyor."
324,1627823388927352835,2023-02-21 00:11:54,Neden insanlar çadırsız? Nerede bu çadırlar? Toplanan yardımlarla çadır temini neden sağlanamıyor? @ahbap @Kizilay @AFADBaskanlik #deprem #hatay #SONDAKIKA,4,['notr'],4,0,493,0,female,person,"['#deprem', 'deprem yardım', 'AFAD']",0,0,1,0,high,"Tweet, çadır temini konusunda sorular sorarak sorumluluk atfı yapıyor ve toplumsal bir eleştiri içeriyor."
325,1622406435161214978,2023-02-06 01:26:51,"Deprem oldu uykudan uyandıkkkk😱Sallakdıkkkkkk
😱 #Antalya
 #manavgat #DEPREMOLDU",1,['notr'],4,0,1517,0,female,person,['#deprem'],0,1,0,0,high,"Tweet, deprem sonrası korku ve şaşkınlık duygularını ifade ediyor."
326,1624923051086295042,2023-02-13 00:06:59,"Gençlik teşkilatımız ve Genel Başkan Yardımcılarımız #deprem bölgesinde, gece gündüz demeden mücadeleye devam ediyorlar. Yürekli teşkilat mensuplarımıza Allah’tan kolaylıklar diliyoruz. 

“Bazı kahramanlar, pelerin takmaz” 

#btpgenclik #Kahramanmaras #bizdevarız https://t.co/Vqholwr0lL",3,['umut'],903,383,16708,54,male,org,"['#deprem', 'deprem yardım']",1,1,0,0,high,"Tweet, deprem bölgesinde yardım faaliyetlerine katılan gençlik teşkilatının çabalarını vurgularken, aynı zamanda onlara kolaylıklar dileyerek duygusal bir ifade içeriyor."
327,1622418219163160576,2023-02-06 02:13:41,Mersin De Çok Fena Sallandık Allah Beterinden Korusun Tüm Türkiye’ye Geçmiş Olsun 🙏🙏 #DEPREMOLDU,1,['uzuntu'],2,0,1197,0,female,person,['#deprem'],0,1,0,0,high,"Tweet, korku ve şükran ifadeleri içeriyor, duygusal odaklı."
328,1623472131651534851,2023-02-09 00:01:33,"ENKAZDA SES VAR‼️‼️ İÇERİDE 5'DEN FAZLA KİŞİ VAR‼️

KEPÇE İŞ MAKİNESİ LAZIM SON ŞANSLARI OLABİLİİR

Hatay antakya Cebrail mahallesi fatih Caddesi Özlem apartmanı
Rasim Bilen:05369844499
Kemal can ersin:0 507 847 44 43 #hatayyardimbekliyorHatay #Babala @BabalaTv",2,['notr'],2,6,407,0,female,person,['enkaz'],1,0,0,0,high,"Tweet, enkaz altında kalan kişilerin kurtarılması için acil yardım çağrısı ve iletişim bilgileri vererek pratik çözüm sunuyor."
329,1623472154154086401,2023-02-09 00:01:38,Çok değerli dostum Mehmet Fatih Yıldırım'ın babası Bekir amca mucizeyi gerçekleştirdi ve 71. saatte sağ salim enkazdan çıktı. Tekrar hoşgeldin dünyaya!.. Bu mucizeler diğer enkaz altındakilerin de başına inşallah... https://t.co/C9NOrWXrKG,2,"['mutluluk', 'sevgi', 'minnet']",10,2,2055,0,male,person,['enkaz'],0,1,0,0,high,"Tweet, mucizevi bir kurtuluşu kutlayarak umut ve sevinç duygularını ifade ediyor."
330,1627824605657178112,2023-02-21 00:16:44,@ProfDemirtas Afadın veya Kızılayın sayfası varken niye insanlar sizin sayfanızın altına yazıyor. Sen niye Afad ya da Kızılay’a yönlendirmiyorsun da buraya yazıyorsun? Etkileşim almak için ne yapacağınızı şaşırdınız.,4,"['saskinlik', 'ofke']",2,0,252,0,male,person,['AFAD'],0,0,1,0,high,"Tweet, etkileşim almak için yapılan davranışları eleştirerek sorumluluk atfında bulunuyor."
331,1623471939338510348,2023-02-09 00:00:47,Kelimelerin kifayetsiz kaldığı an Rabbim sen yardım eyle 🤲🤲 #hatayiskenderun #depremsondakika #acildeprem #Turquia #HelpTurkey #ACİL #AFAD #deprem #Kahramanmaras #suan https://t.co/KAGLmsbBGz,2,['notr'],0,0,568,0,male,person,"['#deprem', 'deprem yardım', 'AFAD']",0,1,1,0,high,"Tweet, duygusal bir ifade olan çaresizlik ve dua içeriyor ve aynı zamanda dini bir anlam çıkarma içeriyor."
332,1622711626200743952,2023-02-06 21:39:34,@charmquell Abi afad ekipleri neden hatay’da yok ya orası başka ülkenin toprağıda bizim mi haberimiz yok oluyo @AFADBaskanlik @AFADHatay,1,['saskinlik'],5,0,5164,0,male,person,['AFAD'],0,0,1,0,high,"Tweet, AFAD ekiplerinin Hatay'da olmamasını sorgulayarak sorumluluk atfı yapıyor ve toplumsal bir eleştiri içeriyor."
333,1622406132160495616,2023-02-06 01:25:39,ilk defa kendimizi dışarı atacak kadar kötü sallandık #deprem,1,['notr'],24,0,1399,0,female,person,['#deprem'],0,1,0,0,high,"Tweet, deprem sırasında yaşanan korku ve çaresizlik duygusunu ifade ediyor."
334,1623251697903538177,2023-02-08 09:25:37,Bir kez gözümüzü ikincisine zamanımız yetmiyo kimsenin kalbini kırmayın yarı yolda bırakmayın bida tekrarlanmıyor hiçbirşey.#deprem,1,['notr'],3,0,86,0,male,person,['#deprem'],0,1,1,0,high,"Tweet, duygusal bir ifade ve toplumsal anlam çıkarma içeriyor; insan ilişkilerine dair bir ders veriyor."
335,1623471781775384577,2023-02-09 00:00:10,"@OguzhanUgur ACİL ÇADIR LAZIM!!
Hatay/defne/çekmece 479. Sokak
Ali Kemal yeşiloğlu 05301308270
Kalabalık aile oldukları için ona göre yardım yapılsın lütfen. Çadır, gıda, battaniye, powerbank, bot vs. İhtiyaçları varmış. Depremde ölmediler soğuktan ölecekler yardım edin nolur",2,['arzu'],0,0,5,0,male,person,['deprem yardım'],1,1,0,0,high,"Tweet, acil yardım çağrısı yaparak pratik çözüm öneriyor ve duygusal bir yardım talebinde bulunuyor."
336,1623471976395186178,2023-02-09 00:00:56,"Rabbim yar ve yardımcımız olsun, yaralılarımıza şifa versin, ölen vatandaşlarımızın mekanını cennet eyle ailelerine sabır ver Allahım…
#depremadana #depremkahramanmaras #depremgaziantep #Deprem",2,['uzuntu'],0,0,89,0,male,person,"['#deprem', 'deprem yardım']",0,1,1,0,high,"Tweet, dua ve iyi dileklerle duygusal ifadeler içeriyor ve dini bir anlam çıkarımı yapıyor."
337,1630357845286985728,2023-02-28 00:02:55,"@ozlemparee @solcugazete Ya afedersin de taşak mı geçiyosun aq? Bütün sülalen enkaz altında kalsın hükümet bi sik yapamasın ama hükümetin lideri de dalga geçer gibi elden sus payı gibisine para dağıtsın ne kadar doğru ve onurlu bir davranış. Belli ki mhp’lisin, sizde onur haysiyet aramak aptalca olur ztn",4,"['onaylamama', 'ofke']",13,0,294,3,male,person,['enkaz'],0,0,1,0,high,"Tweet, hükümetin ve MHP'nin davranışlarını eleştirerek toplumsal ve ideolojik bir anlam çıkarma içeriyor."
338,1624927939618869248,2023-02-13 00:26:25,"Ailemden 6 kişiyi göçük altından zor bela alıp toprak altına koyduk.
Başımız sağolsun.
Giyilmemiş ayakkabılar, elbiseler söylenmemiş sözleri o kadar çok gördü ki bu gözler enkaz altında.
Hayatta ertelenecek hiç bir şey yok.
Geç kalmadan giyin , gidin söyleyin!",3,"['kaygi', 'uzuntu']",3,0,100,1,male,person,['enkaz'],0,1,1,0,high,"Tweet, kaybedilen aile üyeleri için yas ve duygusal ifadeler içeriyor ve aynı zamanda hayatta ertelememek gerektiği üzerine anlam çıkarıyor."
339,1623472069471002624,2023-02-09 00:01:18,"@melinastro ACİL!!! HİDROLİK KESİCİ LAZIM. İMKANI OLAN LÜTFEN ULAŞSIN. Enkazın altında canlar var, yeterli ekipman olmadığı için çalışmalara devam edilemiyor. HİDROLİK KESİCİ,HİLTİ,KURTARICI EKİPMAN
Adıyaman Besni
Kaymakam Hasan Tütün Mahallesi, Şekip Önder Caddesi, Üzümkent B Blok
YARDIM!",2,['notr'],0,0,10,0,female,person,['enkaz'],1,0,0,0,high,"Tweet, enkaz altında kalanlar için acil ekipman ihtiyacını belirterek yardım çağrısında bulunuyor, bu da problem odaklı başa çıkma kategorisine girer."
340,1622407908808851456,2023-02-06 01:32:42,Ceyhan da çok büyük deprem oldu ev başımıza yıkıldı resmen herkese çok geçmiş olsun #DEPREMOLDU,1,['uzuntu'],4,0,1950,0,male,person,['#deprem'],0,1,0,0,high,"Tweet, deprem sonrası geçmiş olsun dileğiyle duygusal bir ifade içeriyor."
341,1622568826880552963,2023-02-06 12:12:08,Karaköprü Fuar Merkezinde belediyemiz vasıtasıyla sıcak çorba ve ekmek ikramı mevcuttur. Sokak soğuk ve yağmurludur. Trafik kilit durumda. #sanliurfa #DEPREMOLDU https://t.co/9G1MRpByXs,1,['notr'],1,1,615,1,male,org,['#deprem'],1,0,0,0,high,"Tweet, sıcak çorba ve ekmek ikramı gibi pratik çözümler sunarak yardım koordinasyonu yapmaktadır."
342,1623472185367994368,2023-02-09 00:01:46,@OguzhanUgur ADIYAMAN MERKEZ turgut reis mahallesi 109.sokak ihh binası yanı kazım sucu ilk depremden beri hala enkaz  altında ve yaşıyor acil yardm!!!””””””,2,['notr'],0,0,29,0,male,person,['enkaz'],1,0,0,0,high,"Tweet, enkaz altında kalan bir kişi için acil yardım çağrısı yaparak pratik bir çözüm sunuyor."
343,1627823875202617344,2023-02-21 00:13:50,"#SONDAKİKA
Hatay’da 6,4’lük depremde 3 can kaybı

A Haber muhabiri Mahmut Erdoğan #Hatay’dan son durumu aktardı
#deprem https://t.co/Ag95M9H40k",4,['kaygi'],41,7,11061,1,male,org,['#deprem'],1,0,0,0,medium,"Tweet, depremle ilgili güncel bilgi paylaşımı yaparak problem odaklı bir yaklaşım sergiliyor."
344,1627828885483298817,2023-02-21 00:33:44,"#SONDAKİKA
#Hatay’da peş peşe iki #deprem

#Defne merkezli 6,4 ve 5,8’lik depremde 3 can kaybı, 294 yaralı https://t.co/Whs1A152Jp",4,['notr'],70,12,16706,3,male,org,['#deprem'],1,0,0,0,medium,"Tweet, depremle ilgili güncel bilgi paylaşımı yaparak problem odaklı bir yaklaşım sergiliyor."
345,1623552500510105601,2023-02-09 05:20:54,@necatigamze1993 @haluklevent @AFADBaskanlik @ahbap @ahbapacil @TSKGnkur @OguzhanUgur Vinç bulundu ve yola çıktı kardeşim 🙏,2,['notr'],1,0,105,1,male,person,['AFAD'],1,0,0,0,high,"Tweet, vinç bulunup yola çıktığını belirterek pratik bir çözüm ve yardım koordinasyonu sağlıyor."
346,1622424576163446785,2023-02-06 02:38:56,"Adıyaman Merkez alitaşı mah saray Bosna cad enkaz altında insanlar var acil destek istiyoruz
@AFADBaskanlik @AFADAdiyaman @Ahbap_Adiyaman @ahbap https://t.co/6ucDPBFmLu",1,['notr'],10,39,2285,1,female,person,"['enkaz', 'AFAD']",1,0,0,0,high,"Tweet, enkaz altında kalan insanlar için acil yardım çağrısı yaparak pratik bir çözüm sunuyor."
347,1627829672435122177,2023-02-21 00:36:52,Selocum onlar istifa etmiyor. Devlet malı deniz yemeyen domuz diyerek yiyorlar ve korkuyorlar. IBAN paylaşmak için fırsat kolluyorlar.  İBAN paylaşanları kıskanıyorlar. #earthquake #Erdbeben #depremoldu #Turkey #samandag #زلزال https://t.co/khkOEGkq8b,4,['ofke'],0,0,1279,0,male,person,['#deprem'],0,0,1,0,high,"Tweet, hükümetin istifa etmemesi ve fırsatçılık yapması üzerinden eleştiri yaparak toplumsal bir anlam çıkarıyor."
348,1627829704194416641,2023-02-21 00:36:59,Depremden beri buraya hiç yardım gitmemiş yaklaşık 50 kişiler yaşlılar hastalar hamileler çocuklar çok kötüler elektrik yok çadır yok acil lütfen yardım edin yağmurda başlamış ölüme terk edilmişler! Seferli köyü Altınözü #antakya #hatay #samandağ @BorsaKahini_ @ahbap @haluklevent https://t.co/fCj7mSDx5V,4,"['kaygi', 'uzuntu']",231,209,51372,8,female,person,['deprem yardım'],1,1,0,0,high,"Tweet, yardım çağrısı yaparak pratik çözüm arayışında ve duygusal ifadeler içeriyor."
349,1623472272651481092,2023-02-09 00:02:07,"Enkazdan kurtarılan kişilerin yüzde 70 i bebek ve çocuk.  Allah korumuş deprem zarar verememişken ne olur bu kötülerin eline düşüp zarar görmesinler. Asıl kötülük onlardan gelir. Sonradan vahlamayalım. Onlar geleceğimiz. Umuttur çocuk. Yaşamdır.Öldürmeyelim
#UnicefTürkiyedenDefol",2,['arzu'],0,0,149,0,male,person,['enkaz'],0,1,1,0,high,"Tweet, çocukların kurtarılmasına dair umut ve koruma isteği ifade ederken, aynı zamanda toplumsal bir sorumluluk ve eleştiri içeriyor."
350,1624922332723572739,2023-02-13 00:04:08,@HOR_B3Y Evet bizzat dinledim çünkü bir yıl gibi bir süreç var orda deprem bitti herşey bitti anlamına gelmez esas şimdiden sonra yardım lazım şimdi acil ihtiyaçtı ama şimdiden sonra çok şey lazım ve asla yardımların devlet kanalından başka yere yapılması taraftarı değilim,3,['onaylamama'],4,0,104,1,female,person,['deprem yardım'],1,0,0,0,high,"Tweet, yardımın devlet kanalı üzerinden yapılması gerektiğini belirterek pratik bir çözüm öneriyor."
351,1624926401705963520,2023-02-13 00:20:18,"@Kandilli_info Hızlı atan kalbimin verdiği sallanma hissiyatı ile deprem olduğunu düşündüğüm zamanlardayım 1 haftadır 
Psikolojimiz alt üst 
Allah yardımcımız olsun",3,"['kaygi', 'uzuntu']",34,0,2979,4,female,person,['deprem yardım'],0,1,0,0,high,"Tweet, deprem sonrası yaşanan psikolojik etkileri ve çaresizlik duygusunu ifade ediyor."
352,1627830585417691136,2023-02-21 00:40:29,"Sıcak bir Evin varsa,
Yemek yiyebiliyorsan, 
Uyku uyuyabiliyorsan, 
Barınma derdin yoksa, bu şekilde yaşamak büyük servetmiş deyip şükretmeyi öğren, sana verilen nimetlerin değerini bil nankörlük etme ey fâni.. الحمد لله على كل حال آمين 😔🤲🏻
#Gecelersoğuk 
#İstanbul
#Deprem",4,['notr'],0,0,287,0,female,person,['#deprem'],0,1,1,0,high,"Tweet, şükran ve duygusal ifadeler içeriyor ve aynı zamanda toplumsal anlam çıkarma ve ahlaki bir mesaj veriyor."
353,1622477759774658560,2023-02-06 06:10:16,"⚠️ #Deprem sonrası bölgedeki hasarlı yapılara kesinlikle girmeyin.

📱 Haberleşmelerinizi kısa mesaj servisi (SMS) ve internet tabanlı mesajlaşma yazılımları üzerinden yapın.

🚫 Hayati durumlar dışında telefon görüşmesi yapmaktan kaçının!",1,['notr'],3,2,339,0,female,org,['#deprem'],1,0,0,0,high,"Tweet, deprem sonrası için pratik çözümler ve bilgi paylaşımı yaparak problem odaklı başa çıkma stratejileri sunmaktadır."
354,1624924709421735936,2023-02-13 00:13:35,"Bugün bu çocuk deprem bölgesinden geldi enkazda kurtulmuş ama sahibi artık istemiyoruz diyip terketmiş üstelik hamile.Çok mahsun,kırgın. Artık emin ellerdesin çocuk🤍 #deprem 
#depremzede 
#Survivor https://t.co/WyqkAjnFX1",3,['uzuntu'],92,9,16634,7,female,person,"['#deprem', 'enkaz']",0,1,0,0,high,"Tweet, depremden kurtulan bir köpeğin terk edilmesi ve yeni bir yuva bulması üzerine duygusal bir ifade içeriyor."
355,1627825068448391169,2023-02-21 00:18:34,"Uyku var,uyumak yok!!
#deprem #gaziantepdeprem",4,['kaygi'],5,0,432,0,male,person,"['#deprem', '#Gaziantep']",0,1,0,0,high,"Tweet, uyuyamama durumunu ifade ederek duygusal bir çaresizlik ve endişe hali yansıtıyor."
356,1623078290754883587,2023-02-07 21:56:34,"@Aaysukeles ARKADAŞIMIZ VE AİLESİ HALA ENKAZ ALTINDA BİR YERDEN BİLGİ ALAMIYORUZ LÜTFEN YARDIMCI OLUN Sıratut mahallesi açıkgöz apartmanı öğretmen evi karşısı merkez/ADIYAMAN 
İsak doğan 
Elif doğan 
Sebahattin doğan 

YARDIMA GİDEN KİMSE YOK ALLAH RIZASI İÇİN BİRİLERİNİ YÖNLENDİRİN LÜTFEN",1,['notr'],0,0,31,1,male,person,['enkaz'],1,0,0,0,high,"Tweet, enkaz altındaki kişilerin yerini bildirerek yardım çağrısında bulunuyor ve duygusal bir yardım talebi içeriyor."
357,1624321384703729664,2023-02-11 08:16:11,"@celaleddin_gul İmam, Kur'an Kursu Öğreticileri, vaiz,vekil imam ve fahri Kur'an kursu öğreticisi hepsi sahada kimi cenaze yıkıyor kimi enkaz çalışmasında oraya gidemeyenler de kurs ve camilerde yardım toplayıp gönderiyor 🇹🇷🇹🇷🇹🇷 https://t.co/Qt2SBGXBqV",2,['notr'],4,0,558,0,female,person,['enkaz'],1,0,0,0,high,"Tweet, sahada aktif olarak yardım eden dini görevlilerin faaliyetlerini anlatarak pratik çözüm ve yardım koordinasyonunu vurguluyor."
358,1627827943589179393,2023-02-21 00:29:59,"Deprem yardım hattında Kürtçe yok.
AFAD acil hattında Kürtçe yok,
Psikolojik yardım hattında Kürtçe yok. Çağrı merkezinde Kürtçe yok.
Ve yardım eden bütün ülkelere onların dilinde teşekkür edildi, Güney Kürdistan yine görmezden gelindi.",4,['onaylamama'],4,0,187,0,male,person,"['deprem yardım', 'AFAD']",0,0,1,0,high,"Tweet, dil eksikliği ve Güney Kürdistan'ın görmezden gelinmesi üzerinden toplumsal bir eleştiri ve sorumluluk atfı yapıyor."
359,1623471745188392962,2023-02-09 00:00:01,"Bin kişilik ekiple faaliyet yürüttüklerini söyleyen Umut Kervanı Başkanı Kurtaran: 

💬 ""İnsanlar enkazın başında çaresiz bir şekilde ağlıyor""

💬 ""Müdahale edilen bina sayısı çok az""

💬 ""İnsanların yüzündeki acı çok net görülüyor""

https://t.co/JQmYovRhSy https://t.co/caBKNU6jg4",2,['uzuntu'],274,120,9552,1,male,org,['enkaz'],0,1,0,0,high,"Tweet, çaresizlik ve acı gibi duygusal ifadeler içeriyor."
360,1623472142107934722,2023-02-09 00:01:35,"‼️TEYİTLİDİR‼️

IŞIK VAR VİNÇ VAR EKİP İHTİYACIMIZ VAR

Begüm Ciritci ve Nimet Ciritci 70 saattir enkaz altında. Hava boşluğu var ve ⚠️SESLERİ GELİYOR⚠️

Antakya/HATAY
Cebrail Mahallesi, Fatih Caddesi, No:13, Katipoğlu Apartmanı

Ümit Ciritçi:5346577770
Hasan Ciritçi:5362529595",2,['notr'],155,566,26769,21,male,org,['enkaz'],1,0,0,0,high,"Tweet, enkaz altında kalan kişilerin kurtarılması için acil yardım çağrısı yaparak pratik çözüm odaklı bilgi paylaşımı içeriyor."
361,1622522354214531072,2023-02-06 09:07:28,"Kıbrıs Doğu Akdeniz Üniversitesi öğrencilerinden oluşan bir öğrenci grubunun maç için gittikleri Adıyaman İsias otelden haber bekleniyor.   Öğrencilerden hala haber alınamıyor. 

#deprem AFAD acil KKTC SON DAKİKA 04.17 Süleyman Soylu Malatya Antep Antakya Hatay Mersin Ankara https://t.co/Ac5dRP1r8a",1,['notr'],1,1,1178,0,female,person,"['#deprem', 'AFAD']",0,1,0,0,high,"Tweet, kayıp öğrenciler için endişe ve belirsizlik ifade ediyor, bu da duygusal bir odaklanma gösteriyor."
362,1624925519887097856,2023-02-13 00:16:48,kim babam olacak ki benim #deprem #depremzede https://t.co/jePTTUl9cP,3,['notr'],1,0,163,0,male,org,['#deprem'],0,1,0,0,high,"Tweet, deprem sonrası yaşanan kayıplara dair duygusal bir ifade içeriyor."
363,1624044485532319758,2023-02-10 13:55:53,"‼️Enkazdan anlık canlı çıkanlar var
🔴 ACİL MAZOT KIRICI HİLTİ 16:50

ANTAKYA ODABAŞI Mh.  MORGÜL Sk. No:23
FARKLI YAŞAM RENDE SİTESİ 
 534 631 70 54  Safa Karataş
 546 577 89 15 Okan Dede
@ProfDemirtas @ahbap @BabalaTv @PincTivi https://t.co/7EKM0S78nL",2,['notr'],2,5,297,0,male,person,['enkaz'],1,0,0,0,high,"Tweet, enkazdan canlı çıkanlar için acil mazot ve kırıcı hilti ihtiyacını belirterek yardım koordinasyonu sağlıyor."
364,1622405143198158850,2023-02-06 01:21:43,aklımı kaybediyordum  #DEPREMOLDU,1,['uzuntu'],1,0,1029,0,female,person,['#deprem'],0,1,0,0,high,"Tweet, deprem sonrası yaşanan korku ve çaresizlik duygusunu ifade ediyor."
365,1622927999594012673,2023-02-07 11:59:22,"📌Depremden etkilenen illerimizde yürütülen çalışmalara destek vermek isteyen vatandaşlarımız “DEPREM” yazarak 1866’ya SMS (20 TL) gönderebilir, belirtilen banka hesap numaraları üzerinden de bağış yapabilirler.

@AFADBaskanlik https://t.co/MeuPa9NZjC",1,['notr'],2,1,173,0,male,org,['AFAD'],1,0,0,0,high,"Tweet, depremden etkilenenlere yardım etmek için pratik bir çözüm ve bilgi paylaşımı yapmaktadır."
366,1622751435631755266,2023-02-07 00:17:46,"Binlerce enkaz var
Devletin varlığı hissediliyor
Elhamdülillah 
ama olay çok büyük
Ondan fazla il
Topyekûn seferberlik lazım
Kahramanmaraş",1,['notr'],971,138,18699,8,male,person,['enkaz'],0,1,1,0,high,"Tweet, duygusal ifadeler ve toplumsal anlam çıkarma içeriyor; şükran ve seferberlik çağrısı var."
367,1624925918069227522,2023-02-13 00:18:23,"#DEPREM
ALICLIBUCAK-GOKSUN (KAHRAMANMARAS) https://t.co/U6KHk0X0Wc
13.02.2023, 03:11:25 TSİ
Büyüklük: 3.1
Derinlik: 5.0 km
#Kandilli",3,['notr'],270,13,319670,28,male,org,['#deprem'],1,0,0,0,high,"Tweet, depremle ilgili bilgi paylaşımı yaparak pratik çözüm sunmaktadır."
368,1624926510648786944,2023-02-13 00:20:44,@xanthos_027 Ben depremi yaşamadığım halde korkuyorken sizleri düşünemiyorum bile usta.Allah yardımcınız olsun.,3,"['korku', 'minnet']",0,0,218,0,male,person,['deprem yardım'],0,1,0,0,high,"Tweet, korku ve empati ifade ederek duygusal bir tepki veriyor."
369,1623472457691680769,2023-02-09 00:02:51,"@ProfDemirtas Ebrar Sitesi Piazza AVM yanı B blok 3.kat Onur Şirin
Merve Şirin Mustaf Göktuğ Şirin 1 yaşında bebek ve Hira 7 yaşında!! EKİP VAR, IŞIK YOK. ÇOK KOLAY ÇÖZÜLEBİLİR SADECE PAYLAŞMAMIZ LAZIM..! GÖREN HER VATANDAŞ EL ATSIN ACİL!!!!
#ebrarsitesi #deprem",2,['notr'],0,3,503,0,male,person,['#deprem'],1,0,0,0,high,"Tweet, enkaz altında kalan kişilerin yerini bildirerek yardım çağrısında bulunuyor ve paylaşım yaparak çözüm arıyor."
370,1627832268256428034,2023-02-21 00:47:11,"Hayvan gibi uykum var yatamıyorum korkudan allahım sen yardım et 😞
#deprem",4,['korku'],3,0,273,1,male,person,"['#deprem', 'deprem yardım']",0,1,0,0,high,"Tweet, korku ve çaresizlik duygularını ifade ediyor ve dua içeriyor."
371,1622918432172695552,2023-02-07 11:21:21,"@OguzhanUgur @haluklevent @BabalaTv Odabaşı mahallesi Atatürk caddesi no 144 Özel akademi hastanesi yanı, Elçiler apt.  7 katlı bina çökmüş durumda! Ekip ihtiyacı var.
@AFADBaskanlik @jandarma @HatayBSB @HatayValiligi",1,['notr'],2,7,1623,0,male,person,['AFAD'],1,0,0,0,high,"Tweet, enkaz koordinatı ve ekip ihtiyacı bildirerek yardım çağrısında bulunuyor."
372,1627828128474071040,2023-02-21 00:30:44,"@ekrem_imamoglu Hazır yapılana çökmeye alışmış
AFAD yapıyor Ekremde bizim elemanlar müdahale ediyor diye twit atıp çöküyor
Nasılsa bu numaraları yemeye alıştırdığı bir kitlesi var",4,['notr'],66,4,444,1,male,person,['AFAD'],0,0,1,0,high,"Tweet, bir siyasi figüre yönelik eleştiri ve sorumluluk atfı içeriyor."
373,1624389410887286787,2023-02-11 12:46:29,@cengoal Afet yaşıyoruz. Üniversitenin bu durumu gözetmesi gerekiyor. Kim bilir ne paralar ödeyip enkaz altında kalıp rahmetlik olan var. Doğru - Yanlış arayamayacağımız zor zamanlar geçiriyoruz. Online derslere katıl geri kalanı tamamlarsın. Kal sağlıcakla,2,"['kaygi', 'uzuntu']",1,0,129,0,male,person,['enkaz'],0,1,1,0,high,"Tweet, duygusal ifadeler ve toplumsal sorumluluk vurgusu içeriyor."
374,1624922655466954753,2023-02-13 00:05:25,@PuCCaa O bebeği susturabilir misin ? 2 tane çocuk büyütmüş biri olarak bunu söylüyorm aç olan bir çocuk enkazdan patlarcasına dolmuş bir bezle çıkamaz. Doğrusunu Allah bilir. Ama onları doyuran ve kollayan Allah bunu inkar edemez kimse. Ölenler kötü olduğu için ölmedi yazılan buydu.,3,['onaylamama'],5,0,523,1,male,person,['enkaz'],0,0,1,0,high,"Tweet, dini ve ahlaki bir anlam çıkararak olayları Allah'ın takdiri olarak yorumluyor."
375,1624921757793624067,2023-02-13 00:01:51,@_ErcanOzcelik @mtahagergerli @akittv @SunucuSpiker @metinzyrek @DrKesli @Hizireli @Uyananlnsan @turkiye_postasi @uspumorg @tcbestepe @AFADBaskanlik @TC_icisleri BİZ ZATEN YOLLARDAYİZ !!! #EhliyetAffi ailesi ...,3,['notr'],14,6,163,0,male,person,['AFAD'],0,0,0,1,medium,"Tweet, depremle ilgili bir konudan bahsetmeyip başka bir konuyu (ehliyet affı) gündeme getiriyor."
376,1623472269539393536,2023-02-09 00:02:06,"Bu gün AFAD'a gelen yardım kolisinden çıkan bir not. Elime alıp okuduğumda  tüm ümitsizliğimi, tüm acımı, tüm yorgunluğumu  aldı.  Bunca kötü  şeyler arasında umut ışığı da var...

#depremsondakika https://t.co/H1kprcdDjw",2,['umut'],11,1,508,0,male,person,"['#deprem', 'deprem yardım', 'AFAD']",0,1,0,0,high,"Tweet, duygusal ifadeler içeriyor ve umut ışığı bulma gibi duygusal bir odaklanma var."
377,1627828139714830340,2023-02-21 00:30:46,"Buradan ilan ediyorum ben bir Müslümanım,
Başka dine mensup olanı da severim, başta insan çünkü!
Dine mensup olmayanı da severim insan çünkü

Onları kınamam, dinim gereği onlara da dua ederim. 

#Hatay #depremoldu #YardımParalarıNerede 

#Hatay #depremoldu #YardımParalarıNerede",4,['notr'],0,0,74,0,male,person,"['#deprem', 'deprem yardım']",0,1,0,0,high,"Tweet, dini ve insani değerler üzerinden duygusal bir ifade ve toplumsal anlam çıkarma içeriyor."
378,1623471909047267328,2023-02-09 00:00:40,"@cznburak 
📍Hatay Antakya akevler mahallesi bedi sabuncu yani😔 #hatay #antakya @AFADBaskanlik @AFADHatay @ahbap @ahbaphatay @MelisTacer @irembetil #tahaduymaz https://t.co/Zzi5GaqzYp",2,['notr'],3,1,518,0,female,person,['AFAD'],1,1,0,0,high,"Tweet, enkaz koordinatı vererek yardım çağrısında bulunuyor ve üzgün bir yüz ifadesiyle duygusal bir tepki içeriyor."
379,1622583118283563008,2023-02-06 13:08:56,Koskoca güya toplanma merkezi olan Seyrantepe Maşuk'taki 4. Murat Kültür Merkezi'nde 1 parça ekmek dağıtamıyorsunuz. Yüzlerce kişi 1 somun fırının önünde sırada. Afet bilinciniz bu olmamalı. #karaköprübelediyesi #deprem #şanlıurfa,1,"['ofke', 'onaylamama']",4,0,975,0,female,person,['#deprem'],0,0,1,0,high,"Tweet, afet yönetimi ve belediyenin yetersizliğine dair eleştiri ve sorumluluk atfı içeriyor."
380,1623472193559470080,2023-02-09 00:01:48,"@abcgazete ❗Teyitli, Adanadan arkadaşımın yakınları❗
Adana huzurevleri mahallesi 77201 sokak İhsan Bayram sitesi C blok.
•Neva Ergin (5 aylık bebek)
•Beren Ergin (6 yaşında)
•Umre Ergin (anneleri, kendisi hemşire)
•İlhan Ergin.
Hâlen 14 katlı binanın enkazındalar. @ahbap @BabalaTv",2,['notr'],0,0,12,0,male,person,['enkaz'],1,0,0,0,high,"Tweet, enkaz altında kalan kişilerin bilgilerini ve konumunu paylaşarak yardım çağrısında bulunuyor, bu nedenle problem odaklı bir yaklaşım sergiliyor."
381,1623471893339680773,2023-02-09 00:00:36,"Şükürler olsun Allah'ıma sen bı mucizesinn. Nefesimizi tutup bekledik kurtulmanı. Yeni hayatına his geldin #bekiramca 🙏🏽❤️ 

#gaziantepdeprem 
#bekir",2,"['mutluluk', 'minnet']",1,0,241,0,female,person,['#Gaziantep'],0,1,0,0,high,"Tweet, şükran ve umut duygularını ifade eden duygusal bir paylaşım içeriyor."
382,1627831068077301760,2023-02-21 00:42:24,Hee haarp aq heee tüm bilim adamları gerizekalı sadece ilkokul okumuş bi tek siz akıllısınız zihniyetinizi s***** sizin ben #earthquake #depremoldu #HAARB #Hatay,4,['ofke'],0,0,472,0,male,person,['#deprem'],0,0,1,1,high,"Tweet, HAARP teorisini alaya alarak ironi yapıyor ve sorumluluk atfı içeriyor."
383,1622506609996873728,2023-02-06 08:04:55,Allahım yardım et enkaz altında kalanlara bu zor kış günlerinde,1,['uzuntu'],1,0,403,0,male,person,['enkaz'],0,1,0,0,high,"Tweet, enkaz altında kalanlar için dua ederek duygusal bir ifade içeriyor."
384,1624925682349268994,2023-02-13 00:17:26,"Oturduğumuz yerden, sahada olmadan sadece tweet atarak klavye delikanlılığı yapmış olmuyor muyuz?   
Allah vatana millete zeval vermesin! 
Her ne kadar acısını içimizde hissetsek de sıcak evimizden ofisimizden yorum yapmak kolay. #deprem #fulyaozturk #Turkiye #yardim #afad",3,"['ofke', 'uzuntu']",1,0,531,0,female,person,"['#deprem', 'AFAD']",0,1,1,0,high,"Tweet, duygusal ifadeler ve toplumsal sorumluluk üzerine düşünceler içeriyor."
385,1627823920177872896,2023-02-21 00:14:00,"Dünyanın ve ülkenin dört bir köşesinden yapılan o kadar yardıma rağmen neden depremin 15. gününde hala çadırsız insanlar var sokakta?! 
Delirmemek içten değil bu ülkede!!!
#bölgeyeçadıryollayın https://t.co/IljzmqgwDu",4,['ofke'],2,0,1075,0,female,person,['deprem yardım'],1,1,1,0,high,"Tweet, çadır ihtiyacını vurgulayarak pratik çözüm öneriyor, duygusal bir tepki içeriyor ve yönetim eleştirisiyle toplumsal anlam çıkarıyor."
386,1622704156979986435,2023-02-06 21:09:54,"Ulaş Veysel isimli bir vatandaşımızın çağrısıdır; Yakın Arkadaşım, İki Çocuğu ile enkaz altındalar. Halen YAŞIYORLAR. En son 19.30'da iletişim kurulmuş göçük altındalar ama yardım gitmemiş, YARDIM BEKLENİYOR 
Güneşli Mah. Nusretler Sokak No:6 Elbistan. 05412426367 ve 05374728834",1,['uzuntu'],2,3,164,0,male,person,['enkaz'],1,0,0,0,high,"Tweet, enkaz altındaki kişilerin yerini ve iletişim bilgilerini paylaşarak yardım çağrısında bulunuyor, bu nedenle problem odaklıdır."
387,1624924078615175174,2023-02-13 00:11:04,@haluklevent Bu ve bundan önceki depremlerde çaresiz ve kurtarılmayı bekleyen insanlar için hiçbir ayrım gözetmeksizin bütün dünya ülkeleri mücadele etmiştir. Bu yüzden sizin insanlara insan oldukları için gönülden canla başla yardım ettiğinizi bundan da kar etme amacınız olmadığını bilirler,3,['notr'],0,0,35,0,male,person,['deprem yardım'],0,0,0,0,high,"Tweet, duygusal bir ifade ile insanlara yardım etmenin önemini vurgularken, aynı zamanda toplumsal bir anlam çıkararak yardımın insanlık görevi olduğunu belirtmektedir."
388,1622459048921628672,2023-02-06 04:55:55,"BÖLGENİN AFAD TELEFON NUMARALARI 
AFAD Hatay: 03261120000
AFAD Maraş: 03442214991
AFAD Antep: 03424281118
AFAD Adana: 03222272854
AFAD Adıyaman: 04162161231
AFAD Urfa: 04143137290
#AFAD #deprem #depremdiyarbakır #depremhatay",1,['notr'],33,31,1707,1,male,person,"['#deprem', 'AFAD']",1,0,0,0,high,"Tweet, AFAD telefon numaralarını paylaşarak pratik bir çözüm ve yardım koordinasyonu sağlıyor."
389,1623472476591206401,2023-02-09 00:02:55,"@Selinsabit @halktvcomtr Yasemin/Arif KARAKAYA çifti
K.Maraş Şazibey mahallesi Ebrar Sitesi F Blok.
Bulundukları enkaz da sesler geliyor. Vinç lazım. İnsan gücü yetersiz kalıyor. Enkaz altında kurtarılmayı bekliyorlar!",2,['notr'],0,3,323,0,male,person,['enkaz'],1,0,0,0,high,"Tweet, enkaz altında kalan kişilerin yerini ve ihtiyaç duyulan yardımı belirterek pratik çözüm odaklı bilgi paylaşımı yapıyor."
390,1623250448844001281,2023-02-08 09:20:40,"@mehmeturken @basaranharun @ajans_muhbir Hırsızları mı?İnsanlar can derdinde.Altın vs. dışında söylüyorum.Orada herkes hayatını sürdürmek için çare arıyor.Ben de yaşamak için aynısını yapardım, sen de.Elinde on tane bisküvi, çocuklarının enkaz altından çıkmasını bekleyen, yemeyen babalar var. Umarım senin başına gelmez.",1,"['uzuntu', 'ofke']",0,0,190,3,male,person,['enkaz'],0,1,1,0,high,"Tweet, duygusal ifadeler ve toplumsal anlam çıkarma içeriyor; çaresizlik ve empati vurgulanıyor."
391,1627826202927935489,2023-02-21 00:23:04,“Ben öldükten sonra mezarıma çiçek bırakmanızla ilgilenmiyorum. Ben yaşarken bahçelerimi yaktınız..” demişti şair. O balonlar binlerce çocuğun hayatını kaybettiği enkazların üzerinde değil kahkahalarla koştukları sokaklarda ellerinde olmalıydı.şovunuz bittiyse s*ktirip gidin!!! https://t.co/PFruOwstmj,4,['ofke'],86,7,2335,2,female,person,['enkaz'],0,0,1,0,high,"Tweet, toplumsal eleştiri ve sorumluluk atfı yaparak anlam çıkarma içeriyor."
392,1627825353577336832,2023-02-21 00:19:42,"Birbirinizi sevmedikçe gerçek manada iman etmiş olmazsınız denmiyor mu,
Seven insan kiraya zam yapar mı, stokculuk yapar mı, çalar mı, firsatciliktan vazgecip tevbe edin!

ALLAH bizi uyardı dikkat edin dedi.

#Hatay #depremoldu #YardımParalarıNerede",4,['onaylamama'],2,0,438,0,male,person,"['#deprem', 'deprem yardım']",0,0,1,0,high,"Tweet, dini ve ahlaki bir anlam çıkararak toplumsal sorumluluk ve etik davranışlar üzerine vurgu yapıyor."
393,1627828182962343937,2023-02-21 00:30:57,"@Cinalinindinda3 @huseyinturkeytr @AFADBaskanlik Bilirsin, çünkü bilim diye bir şey var. Peygamberimiz işinizi Allaha bırakın demiyor, işi ehline teslim edin diyor. Sen işini ehline teslim et sonra felaket gelmesin diye dua et. Ateist ülkelerde depremde kimse ölmüyor da müslümanlar da neden ölüyor?",4,['onaylamama'],0,0,15,1,male,person,['AFAD'],0,0,1,0,high,"Tweet, dini ve bilimsel perspektiflerden sorumluluk atfı yaparak toplumsal bir anlam çıkarma çabası içeriyor."
394,1623472087800086530,2023-02-09 00:01:23,"HALA VİNC YOK!
Taha Duymaz kardeşleri ailesi komşuları hâlâ bu enkazın altında ve sesler geliyormuş lütfen yardım gönderin artık insanları ölüme terk etmeyin. Hatay antakya akevler mahallesi 432.sokak no:2/2",2,"['uzuntu', 'ofke']",51,87,7481,2,female,person,['enkaz'],1,1,0,0,high,"Tweet, yardım çağrısı yaparak pratik çözüm arayışında ve duygusal bir ifade içeriyor."
395,1624928623395237888,2023-02-13 00:29:08,"@gizliservis06 Etme kardeşim, halk olarak yalnızız sahipsiziz diyor. ASKER DE HALK, AFAD DA AHBAP DA HALK ZATEN. Yapılara izin verip zamanında müdahale etmeyen devletten bahsediyor adam nerenizden anlıyorsunuz?",3,"['onaylamama', 'ofke']",1,0,56,0,male,person,['AFAD'],0,0,1,0,high,"Tweet, devletin sorumluluğunu vurgulayarak toplumsal bir anlam çıkarma ve eleştiri yapma içermektedir."
396,1627828763709915136,2023-02-21 00:33:15,Bizde artık huzur kalmadı :( uyku kalmadı.. Hiç bu kadar çaresiz hissetmemiştim.. 😞😞😞 #deprem,4,['uzuntu'],8,0,662,0,female,person,['#deprem'],0,1,0,0,high,"Tweet, çaresizlik ve huzursuzluk gibi duygusal ifadeler içeriyor."
397,1627822410576666625,2023-02-21 00:08:00,@haluklevent Sonra dünden beri nasıl olurda “Adıyamanda Malatyada hayat normale döndü”. Peki tsunimani diyorlar. Peki =&gt; Antakyada Iskendurunda denize yakın alanda spor sahasında Afad cadırkent var. Buna ne diceğiz?! Allah yardımcımız olsun! #deprem #hatay #akdeniz,4,"['kaygi', 'ofke']",0,0,617,0,female,person,"['#deprem', 'deprem yardım', 'AFAD']",0,1,0,0,medium,"Tweet, duygusal bir ifade olan 'Allah yardımcımız olsun' ifadesini içeriyor."
398,1626798572078235648,2023-02-18 04:19:38,Sürekli deprem oluyor ve enkaz altımda kalacam korkusu yüzünden uyuyamıyorum delirecem aq,3,"['kaygi', 'korku']",0,0,79,1,male,person,['enkaz'],0,1,0,0,high,"Tweet, deprem korkusu ve uyuyamama gibi duygusal ifadeler içeriyor."
399,1623472045412556807,2023-02-09 00:01:12,"@gutitoli ❗Teyitli, Adanadan arkadaşımın yakınları❗
Adana huzurevleri mahallesi 77201 sokak İhsan Bayram sitesi C blok.
•Neva Ergin (5 aylık bebek)
•Beren Ergin (6 yaşında)
•Umre Ergin (anneleri, kendisi hemşire)
•İlhan Ergin.
Hâlen 14 katlı binanın enkazındalar. @ahbap @BabalaTv",2,['notr'],0,1,7,0,male,person,['enkaz'],1,0,0,0,high,"Tweet, enkaz altında kalan kişilerin bilgilerini ve konumunu paylaşarak yardım çağrısında bulunuyor, bu nedenle problem_focused kategorisine girer."
400,1623472425663881216,2023-02-09 00:02:43,Ekinci mah.Şehit Bilgin sok. No:1 Atilla Eren Apt.Antakya ACİLLLL BÜYÜL VİNÇ LAZIM BÜYÜK MOLOZLAR İÇİN GEREKLİ. GÖÇÜK ALTINDAN HALEN SES GELİYOR. DUYUN SESİMİZİ!! Canlarımızdan ses geliyor duyun!!! #deprem #antakya #hatay #acildeprem,2,['arzu'],3,2,90,0,female,person,['#deprem'],1,1,0,0,high,"Tweet, vinç ihtiyacı gibi pratik bir çözüm talep ederken aynı zamanda duygusal bir yardım çağrısı içeriyor."
401,1623471818672640001,2023-02-09 00:00:18,"Pandemi döneminde tüm dünyaya yardım gönderdiğimizde CHP’liler bize kızıyordu.

Bakın bugün bütün dünya Türkiye için seferber olmuş durumda.

Büyük devlet olmak böyle birşey işte.. #deprem",2,['notr'],22,2,309,2,male,person,"['#deprem', 'deprem yardım']",0,0,1,0,high,"Tweet, Türkiye'nin büyük bir devlet olduğunu vurgulayarak ideolojik bir anlam çıkarma yapıyor."
402,1624927137999331328,2023-02-13 00:23:14,"Askerde Foça jandarma komando okul k.lığı karargahında 7 katlı binanın en alt katında yaşadım depremi ..
Yakın zamanda Düzce'de olan depremde Adapazarı'ndaydım, eyvah yakın bir yerde fena deprem oldu Allah yardımcıları olsun dedim, sallantının şeklinden nerede olduğunu tahmin++",3,"['kaygi', 'korku']",0,0,330,1,male,person,['deprem yardım'],0,1,0,0,medium,"Tweet, deprem sırasında yaşanan korku ve endişeyi ifade ediyor, bu nedenle emotion_focused kategorisine girer."
403,1627820563363135491,2023-02-21 00:00:40,"O mu yaptı, bu mu yaptı, kim ne diyor..
Diyerek vakit harcamak yerine ben şimdi nerdeyim, nerde olmalıydım, aynı durumda ben olsam geride bırakacağım pişmanlıklarım mı yoksa iyi şeylerim mi ağır gelir, diyerek sorgulamak gerek
Evet halimizi sorgulamak gerek kısaca
 #depremoldu https://t.co/NXQKRmY2pj",4,['pismanlik'],4,1,411,0,female,person,['#deprem'],0,0,1,0,high,"Tweet, kişisel ve toplumsal durumun sorgulanması gerektiğini vurgulayarak ahlaki ve ideolojik bir anlam çıkarma çabası içeriyor."
404,1624929392773283842,2023-02-13 00:32:11,"@Yusaisback ailenden biri enkaz altında olsaydı emin ol ilk işin tweet atarken bu insanları etiketlemek olurdu. çünkü koordinasyonu onlar sağladı. 
bu depremde solcusundan sağcısına, ateistinden müslümanına tek yumruk oldu. sen ve senin gibi bazı akpliler hala ayrıştırma peşinde. yazık..",3,['ofke'],0,0,17,0,male,person,['enkaz'],0,0,1,0,high,"Tweet, toplumsal birlik ve ayrışma üzerine ideolojik bir anlam çıkarma ve sorumluluk atfı içeriyor."
405,1627828703722889219,2023-02-21 00:33:01,"Allah'ım deprem bölgesinde yaşayan tüm vatandaşlarımıza yardımını esirgeme, sen onların destekçisi ol, tekrarını gösterme yarabbim. Amin...
#depremoldu #earthquake #Erdbeben https://t.co/eha3uu8WZ6",4,"['umut', 'arzu']",5,0,412,0,male,org,"['#deprem', 'deprem yardım']",0,1,0,0,high,"Tweet, dua ederek duygusal bir ifade ve yardım dileğinde bulunuyor."
406,1627824808267288576,2023-02-21 00:17:32,Vatandaşına çadır bile gönderemeyen ve deprem öncesinde bölgenin deprem bölgesi olduğunu bile bile imar affı çıkartıp insanların ölmesine sebebiyet veren iktidara oy veren vatandaşa kimse kusura bakmasın hakkımı helal etmiyorum. Siz hiç sizin başınıza gelmez sanıyorsunuz.#deprem,4,"['onaylamama', 'ofke']",1,0,191,1,female,person,['#deprem'],0,0,1,0,high,"Tweet, hükümete ve oy verenlere yönelik sorumluluk atfı ve eleştiri içeriyor, bu da meaning_making kategorisine girer."
407,1624924154750271489,2023-02-13 00:11:22,"@ibrahimkaragul Anladimki sende Allah korkusu yok
Sen muslumansan ben senin yanında değilim.afad tamam da
Bir meyve suyunu 10 kişi taşıyan örgütleri yazmışsın.hani akut,hani Ahbap hani madenciler,hani belediyeler,hani itfaiyeciler.
Yaptıkları inşallah gözünle dizine durur da anlarsın.",3,"['onaylamama', 'ofke']",0,0,27,0,male,person,['AFAD'],0,0,1,0,high,"Tweet, sorumluluk atfı ve eleştiri içeren bir anlam çıkarma ifadesi barındırıyor."
408,1624929133661659136,2023-02-13 00:31:09,"Deprem felaketini yaşayan kardeşlerimizle dayanışma amaçlı, çok geniş katılımlı, duygu ve umut dolu ""vefa"" programının tamamını izlemek için ⬇️
https://t.co/JipOMMVy7w

Ülkemizİçin HepBirlikte 
#deprem #earthquake #prayforturkey 

@hizmettenson",3,['umut'],1,3,210,0,male,person,['#deprem'],0,1,0,0,medium,"Tweet, dayanışma ve umut dolu bir programdan bahsederek duygusal bir ifade içeriyor."
409,1624924006968094721,2023-02-13 00:10:47,"@ademtekin54 @Zikrettinnn @HaytapOfficial @hacikodernek @ahbap @ankarapatilikoy Meksika'dan kurtarma ekibiyle  hayat kurtarmak için ülkemize gelen Kurt Köpeği enkazdan can kurtarırken kalp krizinden öldü❗🐾
Dikkat ette seni yemesinler❗
Allah kalbinize vjdan merhamet versin  emi 🤲❗bu depremler niye oluyor diye hiç düşündün mü acaba? İstersen biraz düşün. https://t.co/6ydzjsZs4u",3,['notr'],1,0,298,5,female,person,['enkaz'],0,1,1,0,high,"Tweet, duygusal ifadeler ve toplumsal anlam çıkarma içeriyor; köpeğin ölümü üzerine üzüntü ve depremlerin nedenleri üzerine düşünmeye davet var."
410,1623471852910772225,2023-02-09 00:00:27,Konum Gaziantep Nurdağı saat gece 1 suları depremzedelere yardım ulaştırmak için oluşan trafik Allah devletimize değil milletimize zeval vermesin çünkü burada devletin resmî kurumlarından çok millet var hepinize iyi geceler                          @mahmudsgrr https://t.co/GcG6gNi9Nn,2,['notr'],3,0,233,1,male,person,['deprem yardım'],1,1,1,0,high,"Tweet, yardım ulaştırma çabası (problem_focused), duygusal bir ifade (emotion_focused) ve devlet-millet karşılaştırması yaparak toplumsal bir anlam çıkarma (meaning_making) içeriyor."
411,1623471860389228547,2023-02-09 00:00:28,"@OguzhanUgur ❗Teyitli, Adanadan arkadaşımın yakınları❗
Adana huzurevleri mahallesi 77201 sokak İhsan Bayram sitesi C blok.
•Neva Ergin (5 aylık bebek)
•Beren Ergin (6 yaşında)
•Umre Ergin (anneleri, kendisi hemşire)
•İlhan Ergin.
Hâlen 14 katlı binanın enkazındalar. @ahbap @BabalaTv",2,['notr'],0,0,10,0,male,person,['enkaz'],1,0,0,0,high,"Tweet, enkaz altında kalan kişilerin bilgilerini ve konumunu paylaşarak yardım çağrısında bulunuyor."
412,1622406075654758401,2023-02-06 01:25:25,Yer yerinden oynadı bu yaşıma kadar böyle bir deprem hissetmedim Sen Koru Allah'ım. #deprem,1,['notr'],17,0,1218,5,male,person,['#deprem'],0,1,0,0,high,"Tweet, korku ve dua içeren duygusal bir ifade barındırıyor."
413,1623472102513803264,2023-02-09 00:01:26,Bu gece bizim üzerime düşen görevin sonuna geldik. Hiç durmadan aralıksız saatlerce çalıştık. Bizim için günün en sevindirici olayı adım attığımız an 22 yaşında Kübra kardeşimizi enkazın altından kurtarmak ve diğer kurtarılan vatandaşlarımıza yardım etmek oldu. Buradayız. #HATAY https://t.co/3stI9uRQKf,2,['mutluluk'],600,62,39088,23,male,person,['enkaz'],1,1,0,0,high,"Tweet, enkazdan kurtarma çalışmaları ve yardım etme gibi pratik çözümler içerirken, aynı zamanda kurtarılan kişilere duyulan sevinç gibi duygusal ifadeler de barındırıyor."
414,1627822382168657927,2023-02-21 00:07:54,DEPREM OLACAKMI.? Prof. Dr. Naci Görür: Elazığ'da büyük depremler https://t.co/dfGJROxllN #depremoldu #deprem #depremsondakika,4,['kaygi'],0,0,1075,1,male,person,['#deprem'],0,0,0,0,medium,"Tweet, depremle ilgili bir haber bağlantısı paylaşmakta ancak doğrudan bir çözüm, duygusal ifade, anlam çıkarma veya konuyu hafifletme içermemektedir."
415,1623670187764469762,2023-02-09 13:08:33,"MİLLİ PİYANGO BU HAFTA  
DEVİR OLAN 141 MİLYONU DEPREM BÖLGESİNE GÖNDERSİN ZATEN BU PARA VATANDAŞIN BUNU LÜTFEN ÇOKÇA PAYLAŞALIM ❗️
@millipiyango__
@MilliPiyango_
@TBMMGenelKurulu
#depremsondakika",2,['arzu'],127,127,4994,0,male,person,['#deprem'],1,0,0,0,high,"Tweet, milli piyango parasının deprem bölgesine gönderilmesi için bir öneri sunarak pratik bir çözüm öneriyor."
416,1624928884658520065,2023-02-13 00:30:10,"hatay antakya, kuyulu mah örgü sokak fulya apt ambulans polis lütfen yayın. @ahbap @haluklevent @112acilcagritrt @AKUT_Dernegi @37umke @AFADBaskanlik @DepremDairesi mozaik hastanesinin 200 m ilerisi.",3,['notr'],0,0,122,0,male,person,['AFAD'],1,0,0,0,high,"Tweet, enkaz koordinatları ve yardım çağrısı yaparak pratik çözüm sunuyor."
417,1624926574117019649,2023-02-13 00:20:59,"Maraş ilimize kahraman unvanı 7 şubat 1973, Antep ilimize de gazi unvanı 8 şubat 1921 de verildi. 
iki ilimizde de olan depremler 6 Şubat 2023 tarihinde sırasıyla önce Gaziantep 7.8 sonra Kahramanmaraş 7.5 
Ben kıllandım.. #deprem #haarp #ufo #uzaylılar",3,['notr'],0,0,593,0,male,person,['#deprem'],0,0,1,1,high,"Tweet, depremlerle ilgili komplo teorilerine atıfta bulunarak anlam çıkarma ve ironi yapmaktadır."
418,1622457102101774336,2023-02-06 04:48:11,"Adiyaman merkez Sumerevler mahallesi 1729 sk sefakent sitesi b blok göçük altında yardım bekleniyor @AFADAdiyaman
@AFADBaskanlik",1,['notr'],5,8,1170,1,male,person,['AFAD'],1,0,0,0,high,"Tweet, enkaz altında yardım bekleyen bir yerin bilgisini paylaşarak yardım koordinasyonu sağlamaya çalışıyor."
419,1622921384761430017,2023-02-07 11:33:05,"Beyşehir İlçe Milli Eğitim Müdürlüğümüz tarafından hazırlanan 3.000 kişilik sıcak yemek ve erzak, Kahramanmaraş'ın Pazarcık ilçesinde depremden etkilenen vatandaşlarımıza ulaştırılmak üzere yola çıktı.

@tcmeb @TCKonyaValiligi @gokhanmurat1 #Konyamem #deprem https://t.co/0ApeTRa9Zk",1,['notr'],16,6,938,0,male,org,['#deprem'],1,0,0,0,high,"Tweet, depremden etkilenenlere yönelik sıcak yemek ve erzak yardımı hakkında bilgi veriyor, bu nedenle problem_focused kategorisine girer."
420,1627823570934984704,2023-02-21 00:12:37,"""Ölüm bir eve girince sağ kalanları da biraz öldürüyor.” der Peyami Safa. 
Hepimiz, ölülerin geride bıraktığı ölüleriz aslında.
#deprem",4,['uzuntu'],23,0,746,0,male,person,['#deprem'],0,1,1,0,high,"Tweet, deprem sonrası duygusal bir ifade ve toplumsal anlam çıkarma içeriyor."
421,1623097732121473028,2023-02-07 23:13:49,"Çocuklar ses veriyormuş acil yayalım!!!  Yeni paylasim #antakya
#deprem  #Hatay

@aurasgood @Zellall1 https://t.co/m0Wvg6emdG",1,['notr'],20,46,2384,9,female,person,['#deprem'],1,0,0,0,high,"Tweet, enkaz altındaki çocukların ses verdiğini belirterek acil yayılmasını istemekte, bu da yardım koordinasyonu ve pratik çözüm arayışını gösterir."
422,1627827527497535488,2023-02-21 00:28:20,"Bir gecede toplanan 115 milyar var ama 15 gündür hala çadır yok. Kalan insanları da artçı depremlerde yıkılacak evlerinde öldürmek istiyorlar. 
#Hatay 
#YardımParalarıNerede https://t.co/RwsikWUbWd",4,['ofke'],283,93,40208,4,male,org,['deprem yardım'],0,0,1,0,high,"Tweet, toplanan paraların kullanılmaması üzerinden sorumluluk atfı yaparak toplumsal bir eleştiri ve anlam çıkarma içeriyor."
423,1627823226221985793,2023-02-21 00:11:15,"Bunun ne anlama geldiğini bilen varmı❓

-
#kıyamet #kandilli samandağ #yardımparalarınerede ece üner uyarı kur’an furkan beşiktaş rtük deprem süleyman soylu cnn celal şengör rusya tsunami memur kıbrıs enes vali #depremoldu bismillahirrahmanirahim son dakika ahbap niğde https://t.co/CIn4RWPBn2",4,['kaygi'],35,7,53907,15,male,person,"['#deprem', 'deprem yardım']",0,0,0,1,medium,"Tweet, alakasız etiketler ve karmaşık bir ifade ile konuyu hafifletme veya ironi yapma eğiliminde."
424,1622405926798901254,2023-02-06 01:24:50,Trabzon da fena sallandı.. #DEPREMOLDU,1,['notr'],2,0,587,0,male,person,['#deprem'],0,0,0,0,high,"Tweet sadece deprem olduğunu belirtmekte, herhangi bir duygu ifadesi, anlam çıkarma veya problem çözme içermemektedir."
425,1627822248496181249,2023-02-21 00:07:22,Çabaladığım her şeyin enkazında kalıyorum,4,"['pismanlik', 'uzuntu']",2,0,131,0,male,person,['enkaz'],0,1,0,0,high,"Tweet, çaresizlik ve duygusal bir ifade içeriyor, ancak pratik çözüm, anlam çıkarma veya konuyu hafifletme içermiyor."
426,1622923054123819010,2023-02-07 11:39:43,"@onbirkursun ACİL VİNÇ LAZIM !!🚨🚨
Hatay Antakya Odabaşı Mahallesi Farklı Yaşamlar Rende sitesinde vinç eksiği var lütfen yardımcı olun. Aşağıdan sesler geliyormuş.
#ENKAZALTINDAYİM @AFADBaskanlik @AFADHatay @ahbap @haluklevent @DepremDairesi #hatayyardimbekliyor #seferberlik #deprem",1,['notr'],0,0,21,0,female,person,"['#deprem', 'deprem yardım', 'enkaz', 'AFAD']",1,0,0,0,high,"Tweet, vinç ihtiyacını belirterek yardım çağrısında bulunuyor ve bu nedenle problem odaklı bir yaklaşım sergiliyor."
427,1623471744907354113,2023-02-09 00:00:01,"CHP Lideri Kemal Kılıçdaroğlu, deprem bölgesindeydi. Osmaniye, Hatay ve Kahramanmaraş'ta hem kurtarma çalışmalarıyla ilgili bilgi aldı hem de depremzedeleri dinledi. Kılıçdaroğlu, AFAD'a yardımcı olmak üzere ""Halk Koordinasyon Merkezleri"" kuracaklarını söyledi. https://t.co/3DCuzbPKVC",2,['notr'],58,9,21791,16,male,org,"['deprem yardım', 'AFAD']",1,0,0,0,high,"Tweet, Halk Koordinasyon Merkezleri kurma planı ile pratik çözüm ve yardım koordinasyonu içeriyor."
428,1623271731212218368,2023-02-08 10:45:14,"BEBEGİN AGLAMA SESLERİ GELMİS!!!! Çok acill!!! 
Antakya/Hatay AKEVLER MAHALLESİ 4.AKEVLER SOKAK IRAZ APARTMANI no:9 anne merve mursaloglu
baba haydar mursaloglu
2,5 yasindaki bebek ada mursaloglu
Deniz Mursaloğlu : +90 (546) 672 19 95 @DepremDairesi @AFADBaskanlik @AkturkGFB",1,['notr'],1,8,1007,1,male,person,['AFAD'],1,0,0,0,high,"Tweet, enkaz altında kalan bir ailenin yerini ve iletişim bilgilerini paylaşarak yardım çağrısında bulunuyor, bu nedenle problem odaklı bir yaklaşım sergiliyor."
429,1624927695132930048,2023-02-13 00:25:26,"Afad’ın doğru düzgün bir ekibi koordinatörü falan yok ki. 5. günde eli çekiç bile tutmayan toy çocuklara tulum baret vs. verip çalışma yapılan enkazların başına diktiler sadece. Hangi evrede, neye ihtiyaç olacağını önceden hesaplayan ona göre davranan kimse veya bir yapı yoktu. https://t.co/HQ1KCm0SZP",3,"['onaylamama', 'ofke']",3,0,261,1,male,person,"['enkaz', 'AFAD']",0,0,1,0,high,"Tweet, AFAD'ın yetersizliğine ve organizasyon eksikliğine dair eleştiri yaparak sorumluluk atfında bulunuyor."
430,1627829549030379522,2023-02-21 00:36:22,"#DEPREM
YENIBASLAR-(BINGOL) https://t.co/gV6QVQyiwP
21.02.2023, 03:27:53 TSİ
Büyüklük: 3.0
Derinlik: 1.9 km
#Kandilli",4,['notr'],1417,86,1215485,162,male,org,['#deprem'],1,0,0,0,high,"Tweet, depremle ilgili bilgi paylaşımı yaparak pratik çözüm sunmaktadır."
431,1624922650840555520,2023-02-13 00:05:24,"#DEPREM
SUNNETKOY-ELBISTAN (KAHRAMANMARAS) https://t.co/c0glVvJK0d
13.02.2023, 02:56:02 TSİ
Büyüklük: 3.1
Derinlik: 5.0 km
#Kandilli",3,['notr'],288,16,330273,25,male,org,['#deprem'],1,0,0,0,high,"Tweet, deprem bilgilerini paylaşarak pratik bir çözüm sunuyor ve bilgi paylaşımı yapıyor."
432,1622421208665919494,2023-02-06 02:25:33,"Merkezi Pazarcık olan ülkenin bi çok yerinde hissedilen depremde, Rabbim yar ve yardımcımız olsun. Yaralılara şifalar diliyorum.

#deprem https://t.co/b3xuz8HCo5",1,['notr'],30,6,2041,0,male,person,"['#deprem', 'deprem yardım']",0,1,0,0,high,"Tweet, dua ve iyi dileklerle duygusal destek ifade ediyor."
433,1624923217059102724,2023-02-13 00:07:39,İstanbulda deprem olursa ölenler kurtulur .. Allah kalanlara yardım etsin ...,3,['arzu'],47,1,11788,1,male,person,['deprem yardım'],0,1,1,1,high,"Tweet, duygusal bir ifade içeriyor, toplumsal anlam çıkarıyor ve ironi yaparak konuyu hafifletiyor."
434,1627823183750389763,2023-02-21 00:11:05,AFAD ekibini ayağına çağırıp bahçesine çadır kurduran 27 TR 708 plakalı araç sahibi kim? @gantepvaliligi https://t.co/kwVIldhNHH,4,['notr'],1571,536,159438,62,male,org,['AFAD'],0,0,1,0,high,"Tweet, bir kişiye yönelik sorumluluk atfı ve eleştiri içeriyor."
435,1622603047955316737,2023-02-06 14:28:07,"“Ekıncı mahallesi inönü bulvarı no 78 bulet apartmanı etçim kemal karşısı antakya hatay”

Arkadaşımızın kuzenleri enkaz altında, lütfen paylaşalım 
@AFADHatay @AFADBaskanlik @HatayBSB @HatayValiligi",1,['notr'],1,2,268,1,female,person,"['enkaz', 'AFAD']",1,0,0,0,high,"Tweet, enkaz altında kalan kişilerin yerini belirterek yardım çağrısında bulunuyor, bu da problem odaklı başa çıkma stratejisine girer."
436,1624926670095282178,2023-02-13 00:21:22,"Yok yapi denetimi olmasın gerek yok, yok kaçarı yok taşınmıyorum İstanbul'dan vs. diyerek hiçbir şeyin üstesinden gelemeyiz. Kusura bakmayın ama sizi kurtarmaya kim ne kadar sürede gelir de 1 çanta ile belki de aylarca enkaz altında yaşamayı kendinize uygun görüyorsunuz şuan? https://t.co/qLnnh5KoYu",3,"['onaylamama', 'ofke']",1,0,159,0,male,person,['enkaz'],0,0,1,0,high,"Tweet, yapı denetimi ve kişisel sorumluluk konularında eleştirel bir anlam çıkarma içermektedir."
437,1624922435911929859,2023-02-13 00:04:32,Artık kabus görüyorum. Bir haftadır hep enkaza bakıyoruz. Hayatlarımız enkaza döndü. Hiç iyi değilim.,3,['uzuntu'],0,0,70,0,male,person,['enkaz'],0,1,0,0,high,"Tweet, çaresizlik ve kötü hissetme gibi duygusal ifadeler içeriyor."
438,1623472138303811585,2023-02-09 00:01:35,"GÖÇÜĞÜN ALTINDA DOĞUMU BAŞLAMIŞ LÜTFEN ACİL
75.yıl bulvarı Ürgenpaşa mahallesi mav saray apartmanı no:17 kat:1 daire:6 
Telefon:05372712499
Güncel ve teyitli bilgi hızlı olalım
Hatay 
#acildeprem #AFADhatay @IstanbulAFAD @DepremDairesi @AFADBaskanlik @BabalaTv",2,['notr'],1,6,202,0,female,person,['AFAD'],1,0,0,0,high,"Tweet, doğum yapmak üzere olan bir kişinin göçük altında olduğunu belirterek acil yardım çağrısı yapıyor ve bu nedenle problem odaklı bir yaklaşım sergiliyor."
439,1622702008653283337,2023-02-06 21:01:21,"Hatay Antakya acilllll.  Fatih Şengel, yaralı göçük altında. Konumu: Voyage elegant otel güllü bahçe silahlı kuvvetler cadde no:9 31070 Antakya/Hatay Numarası:0552 449 07 39 #deprem #AFAD #AFADhatay #AFADANTAKYA #Yardımedin",1,['notr'],14,29,2115,5,male,person,"['#deprem', 'deprem yardım', 'AFAD']",1,0,0,0,high,"Tweet, enkaz altındaki bir yaralı için konum ve iletişim bilgisi vererek yardım çağrısında bulunuyor, bu nedenle problem odaklı bir yaklaşım sergiliyor."
440,1626611249986383872,2023-02-17 15:55:17,"#deprem Güzel Atatürküm; en büyük eserin cumhuriyeti, devrimlerini, ilkelerini ve bize emanet ettiklerini muhafaza etmek ve geliştirmek birincil sorumluluğumuzdur. https://t.co/8y7RG3LpHn",3,['sevgi'],82,15,6213,2,male,person,['#deprem'],0,0,1,0,high,"Tweet, Atatürk'ün mirasına sahip çıkma sorumluluğuna vurgu yaparak ideolojik bir anlam çıkarma içeriyor."
441,1623252212385214466,2023-02-08 09:27:40,"🛑🛑 İLERDE İZMİRDE YÜKSEK ŞİDDETTE DEPREM OLURSA BEN VE EV ARKADAŞIM BU ADRESTE YAŞIYORUZ ADATEPE MAHALLESİ 9. SOKAK BİNA NO:12 KAT 3 MEHMET BEYSUN APARTMANI
MEHMET ONUR ERŞAHİN(ben)
TUTKU DÜNYA BOZARSLAN
BİZDEN HABER ALINAMAZSA YARDIM TALEP EDİYORUZ",1,['notr'],12,1,1365,1,male,person,['deprem yardım'],1,0,0,0,high,"Tweet, olası bir deprem durumunda yardım talep etmek için adres ve isim bilgisi vererek pratik bir çözüm sunuyor."
442,1627821082672615425,2023-02-21 00:02:44,Vücudumuz da sürekli sallanma hissi yani bitmeyen deprem var #depremden,4,['kaygi'],0,0,122,0,female,person,['#deprem'],0,1,0,0,high,"Tweet, deprem sonrası yaşanan sürekli sallanma hissi ile ilgili duygusal bir ifade içeriyor."
443,1625277767196770304,2023-02-13 23:36:30,"RONESANS REZIDANS ADRES 
Ekinci mh İnönü Blv. No:62, 31001 Antakya/Hatay  36.231341244817294, 36.150220106736676 @AFADBaskanlik @AKUT_Dernegi @fzaofficial @ProfDemirtas @ahbap @ahbapacil @ahbaphatay @haluklevent @BabalaTv @OguzhanUgur @Kizilay @yagosabuncuoglu @tarkan https://t.co/ugfRXrUeA5",3,['notr'],0,0,54,0,male,person,['AFAD'],1,0,0,0,high,"Tweet, enkaz koordinatları vererek yardım kuruluşlarına bilgi sağlıyor, bu nedenle problem odaklı bir yaklaşım sergiliyor."
444,1623472307212517376,2023-02-09 00:02:15,"@tvlddd @belalcaggins Cebrail mahallesi. Cumhuriyet caddesi. F. Anlar apartmanı. Antakya lisesi ve Antakya ögretmen evi karşısı. Hatay /Antakya 
13 yaşında AHMET EFE ERİNMEZ göçük altında kaldı.
Enkaz başında babası Murat Göztepe var.
0532 062 86 53",2,['notr'],0,0,6,0,female,person,['enkaz'],1,0,0,0,high,"Tweet, enkaz altında kalan bir kişi hakkında bilgi vererek yardım koordinasyonu sağlamaya çalışıyor."
445,1624925589202210819,2023-02-13 00:17:04,"Deprem bölgesinde ev kiraları sadece bir haftada 3 bin TL’den 20 bin TL’ye çıktı. Barış Atay açıkladı
Türkiye İşçi Partisi Genel Başkan Yardımcısı ve Hatay Milletvekili Barış Atay, Hatay’da ev kiralarının geçen haftadan bugüne 3 bin TL’den 20 bin TL’ye çıktığını açıkladı. https://t.co/H1y1du8DpD",3,['notr'],181,66,25294,8,male,person,['deprem yardım'],0,0,1,0,high,"Tweet, deprem sonrası ev kiralarının artışı üzerinden toplumsal bir sorun ve sorumluluk atfı yapmaktadır."
446,1627823020441063429,2023-02-21 00:10:26,"Bugün birilerini Atatürk e tapiyolar diye elestiren Müslümanlar,kendilerine tapacak birini bulmuşlar neden yapıyorsun bunu kardeşim 

ALLAH yetmiyor mu bize, 
yine gidin oyunuzu kime verirseniz verin ama tapmayın lütfen. 

#depremoldu #kıyamet enes Şubat Ya Tabbi 
Kaderden",4,['ofke'],0,0,390,0,male,person,['#deprem'],0,0,1,0,high,"Tweet, dini ve ideolojik anlam çıkarma ve sorumluluk atfı yaparak meaning_making kategorisine giriyor."
447,1623471844849250304,2023-02-09 00:00:25,"Adıyaman besni 
15 temmuz şehitler mahallesi 
Başak apartman 
Petrol arkası +60 saattir enkazdalar acil yardım bekliyorlar https://t.co/xnODHZ5zIQ",2,['notr'],24,37,2176,3,male,person,['enkaz'],1,0,0,0,high,"Tweet, enkaz altında kalanlar için acil yardım çağrısı yaparak pratik bir çözüm sunuyor."
448,1624921886126665734,2023-02-13 00:02:21,@Drr_Nilay Siz neyi anlamadınız yine provakatörlük peşindesiniz adam burda birlik ve beraberlik den bahsediyor Halktan bahsediyor şu günlerde bari yapmayın yazıktır günahtır ama işin icine para girince farklı oluyor galiba bence AFAD daki yolsuzlukların üzerine gidin lütfen.,3,"['onaylamama', 'ofke']",0,0,13,0,male,person,['AFAD'],0,0,1,0,high,"Tweet, AFAD'daki yolsuzlukların üzerine gidilmesi gerektiğini belirterek sorumluluk atfında bulunuyor ve toplumsal bir anlam çıkarıyor."
449,1627822384056086531,2023-02-21 00:07:54,"Çaresizlik hissi kadar kötü bir his daha var mı ? Bizler yüzlerce km ötede evimize giremiyorken Hatay’da yine, yeniden enkaz altında kalan onlarca can :( hiç böyle uzun gece gördünüz mü siz ?",4,['uzuntu'],0,1,61,0,male,person,['enkaz'],0,1,0,0,high,"Tweet, çaresizlik ve üzüntü gibi duygusal ifadeler içeriyor."
450,1624926183979614209,2023-02-13 00:19:26,"Fatih Altaylı:

""Başkasının yolladığı deprem yardım kolisine parti amblemi yapıştırmak da bir tür yağmacılık değil midir?""

🤔🤔🤔",3,['notr'],260,40,2677,7,male,person,['deprem yardım'],0,0,1,0,high,"Tweet, deprem yardımlarının siyasi amaçlarla kullanılmasını eleştirerek toplumsal bir sorumluluk atfında bulunuyor."
451,1623471971814998017,2023-02-09 00:00:55,"ACİL YARDIM ‼️

HATAY / İSMET İNÖNÜ MAHALLESİ 701. SOKAK BARIŞ SİTESİ K BLOK 3 ÇOCUK ANNE BABA VAR GÖÇÜK ALTINDA 
+905336344721 İNAN ARSLAN
@AFADHatay
@DepremDairesi 
@ahbap",2,['notr'],25,43,1876,1,male,person,"['deprem yardım', 'AFAD']",1,0,0,0,high,"Tweet, enkaz altındaki kişilerin yerini ve iletişim bilgilerini paylaşarak yardım çağrısında bulunuyor."
452,1622514502594883586,2023-02-06 08:36:16,"Şimdi asıl konumuza gelelim. Yine it, pire torbası, hoşt, köpekler saldırıyor dediğiniz bu masum can dostlara işimiz düştü. Siz onları öldürüyorsunuz onlar sizi enkaz altından kurtarıyor. Demekki neymiş canavarlik yapmayacağız....",1,['ofke'],1,1,28,0,female,person,['enkaz'],0,0,1,0,high,"Tweet, hayvanlara yönelik tutumlar üzerinden toplumsal bir ders çıkarma ve sorumluluk atfı yapmaktadır."
453,1624926320093286402,2023-02-13 00:19:59,bırakılıp gidilen veya kimsenin olmadığı enkazların altında hala yaşayanların olduğunu düşünsenize o koca sessizlik ve yanlızlık.. düşündükce tüylerim ürperiyor 😔,3,['uzuntu'],105,4,6635,9,female,person,['enkaz'],0,1,0,0,high,"Tweet, enkaz altındaki insanların yalnızlığı ve sessizliği üzerinden duygusal bir ifade içeriyor."
454,1622412173728251908,2023-02-06 01:49:39,Kandiili Rasathanesi’nden açıklama #deprem https://t.co/6Y4ao5izQJ,1,['notr'],212,13,53727,15,male,org,['#deprem'],1,0,0,0,high,"Tweet, depremle ilgili bilgi paylaşımı yaparak problem odaklı bir yaklaşım sergiliyor."
455,1627823414168649731,2023-02-21 00:12:00,"Arkadaşlar ACİL çadır/konteyner ihtiyacımız var. Kardeşim ameliyatlı ve hareket kısıtlılığı var. Evimizin yanındaki boş alanda çadır/konteyner kurulabilir.  
Adres: Odabaşı mahallesi Gök sokak antakya
İletişim: 0539 402 78 46 @AFADHatay @jandarma @Kizilay @ahbap",4,['arzu'],25,39,5523,1,male,person,['AFAD'],1,0,0,0,high,"Tweet, çadır/konteyner ihtiyacı ve iletişim bilgileri vererek pratik bir çözüm arayışında olduğu için problem odaklıdır."
456,1623472492328124417,2023-02-09 00:02:59,"@bpthaber Konya da yasadigim sitede 11 tane jenerator var. Ayni sekilde diger sitelerde bir cok var. Lutfen tum evlerden jeneratorlerin toplanmasi icin calisma yapilsn 
@DepremDairesi @Konyabuyuksehir @u_ibrahim_altay @AFADBaskanlik @sametdgn1 @ihhinsaniyardim @mnoktaenes @TCKonyaValiligi",2,['arzu'],4,8,2469,0,male,person,['AFAD'],1,0,0,0,high,"Tweet, jeneratörlerin toplanması için çağrı yaparak pratik bir çözüm öneriyor."
457,1627831489877491712,2023-02-21 00:44:05,Ben mi sallanıyorum deprem mi oluyor artık ayırt edemiyorum 😔 #gaziantep,4,['uzuntu'],6,0,357,0,female,person,['#Gaziantep'],0,1,0,0,high,"Tweet, deprem sonrası yaşanan belirsizlik ve duygusal karmaşayı ifade ediyor."
458,1623472063406014464,2023-02-09 00:01:17,"@cokbakmayin @duygusalterorm Cebrail mahallesi. Cumhuriyet caddesi. F. Anlar apartmanı. Antakya lisesi ve Antakya ögretmen evi karşısı. Hatay /Antakya 
13 yaşında AHMET EFE ERİNMEZ göçük altında kaldı.
Enkaz başında babası Murat Göztepe var.
0532 062 86 53",2,['notr'],0,0,6,0,female,person,['enkaz'],1,0,0,0,high,"Tweet, enkaz altında kalan bir kişi için spesifik bir konum ve iletişim bilgisi vererek yardım koordinasyonu sağlıyor."
459,1627824857982373889,2023-02-21 00:17:44,"@furkancerkes Furkan bey lütfen sizde hakkınızdaki iddialara cevap verin. Ayrıca deprem gününde insanlara yardım edeceğinize, @OguzhanUgur size açtığı davanın korkusu ile canlı yayında algı oluşturma amacınızı birakin adalet yakında kapınızı çalacak:) lütfen iddialara bir cevap verin https://t.co/FA9y06QgMF",4,['ofke'],1,0,17,0,male,person,['deprem yardım'],0,0,1,0,high,"Tweet, adaletin yerini bulacağına dair bir inanç ve sorumluluk atfı içeriyor."
460,1623471915032580096,2023-02-09 00:00:41,@onderseren @AFADBaskanlik @haluklevent @ahbap Hala daha ulasilmadi. @DepremDairesi @AFADHatay https://t.co/S3NHNxX4JZ,2,['notr'],0,0,6,0,female,person,['AFAD'],1,0,0,0,high,"Tweet, yardım koordinasyonu ve bilgi paylaşımı amacıyla yetkililere ulaşma çabası içeriyor."
461,1623472425219379201,2023-02-09 00:02:43,"İÇERDEN SESLER GELİYOR
(YENİ VİDEO)
Kahramanmaraş Bulvarı Nilüfer Apartmanı Nurdağı/Gaziantep

#deprem https://t.co/RCSaVIbWe7",2,['notr'],114,125,17996,3,male,person,['#deprem'],1,0,0,0,high,"Tweet, enkaz altındaki kişilerin yerini belirten bilgi paylaşımı yaparak pratik çözüm sunuyor."
462,1622680067481473032,2023-02-06 19:34:10,"Hayatta en zor şeylerden biri çaresiz kalmaktır. Daha zor olanı el uzatabilecekken çaresiz kalmaktır.😥😥😥
3.enkaz bölgesinden de ayrıldık. 
Çaresiziz Allah'ım🤲🤲🤲
Senin yardımın ve merhametin olmadan baş edemeyiz Allah'ım🤲
Yardım et, merhamet et Ya Rabbi 🤲
#Malatya",1,['uzuntu'],19,2,327,0,male,person,['enkaz'],0,1,0,0,high,"Tweet, çaresizlik ve dua ifadeleriyle duygusal bir tepki içeriyor."
463,1622437183222054912,2023-02-06 03:29:02,"@AtillaTasNet Adıyaman Tut ilçesinde arkadaşımın yakınlarından göçükte kalanlar var ve çıkaramıyolar, afad da o bölge çıkmıyor RT ACİİİLL #deprem #enkazaltindayim",1,['notr'],8,20,1799,1,female,person,"['#deprem', 'enkaz', 'AFAD']",1,0,0,0,high,"Tweet, göçük altında kalanlar için yardım çağrısı yaparak pratik bir çözüm arayışında bulunuyor."
464,1624925902281793537,2023-02-13 00:18:19,"#Kahramanmaras Otogarı'nda firma yetkilisi aktarıyor: Bir Suriyeli geldi, yarın ne kadar otobüs ayarlayabilirseniz ayarlayın, bilet paralarını ben vereceğim, insanları ücretsiz götürün dedi. 8 otobüs ayarlayabildik. Sayıyı artırmaya çalışıyoruz.

#Kahramanmaras #deprem",3,['kaygi'],4,2,401,0,male,person,['#deprem'],1,0,0,0,high,"Tweet, deprem sonrası ulaşım için otobüs ayarlama ve bilet ücretlerini karşılama gibi pratik bir çözüm sunuyor."
465,1623471762376650752,2023-02-09 00:00:05,"12 kişinin enkaz altında olduğu binadan önce Kuran kursu kasası çıkarıldı

https://t.co/a8rBXFs59q https://t.co/OYp3JvhfiX",2,['notr'],195,87,20957,13,female,org,['enkaz'],0,0,1,0,high,"Tweet, enkazdan önce Kuran kursu kasasının çıkarılmasına dikkat çekerek toplumsal bir eleştiri ve sorumluluk atfı yapıyor."
466,1624925528200290306,2023-02-13 00:16:50,Bedenen sağım fakat bir çocuğa “ çocukluk” armağan eden bir memleketin enkazı altında kaldı ruhum.,3,['uzuntu'],7,0,237,0,female,person,['enkaz'],0,1,1,0,high,"Tweet, duygusal bir ifade ile birlikte toplumsal bir anlam çıkarma içeriyor."
467,1622915860766638081,2023-02-07 11:11:08,Mustafa Kemal mah.İbrahim Karaoğlan cad.ahraz apartmanı ziraat şubesi yanı lütfen yardım edin @DepremDairesi 🙏 @SadiCuneyt kardeşim lütfen daha çok kişiye ulaşsın🙏 https://t.co/VWs3zIKHd2,1,['arzu'],1,1,46,1,male,person,['deprem yardım'],1,1,0,0,high,"Tweet, enkaz koordinatı vererek yardım çağrısında bulunuyor ve duygusal bir yardım isteği içeriyor."
468,1624926414171406337,2023-02-13 00:20:21,"Yanlış olan birşeye hayır demek için oylamaya katılmamak ,yanlış olana ortak olmak demektir...
#hdp den günahım kadar haz etmem ama onun dışında bu oylamada masum olan yok ...
#gerçek #deprem #imaraffı https://t.co/eHRfwzFk7R",3,"['onaylamama', 'ofke']",4,2,1093,0,male,person,['#deprem'],0,0,1,0,high,"Tweet, yanlış olan bir şeye karşı durmanın önemini vurgulayarak toplumsal sorumluluk ve ahlaki anlam çıkarma içeriyor."
469,1627828960775008258,2023-02-21 00:34:02,"Yaparsa Erdoğan yapar
1- Orman yangınlarına müdahale etmez
2- Deprem de halkın yanında olmayıp, interneti kapatır,orduyu, jandarmayı yardıma 36 saat göndermez, halkı tehdit eder.
3- 2 askerimizin diri diri yakılmasına ses etmez. Ama Reza için nota verir.... https://t.co/no0CNftY1U",4,['ofke'],20,13,640,2,male,person,['deprem yardım'],0,0,1,0,high,"Tweet, hükümetin kriz yönetimi ve sorumlulukları hakkında eleştirel bir anlam çıkarma ve hesap sorma içermektedir."
470,1624068265973620736,2023-02-10 15:30:22,"Şurada gerçekten yüzyılın dramı söz konusu, inanılmaz bir yardım akışı var AHBAP, AFAD, İHH herkes bir tarafından tutuyor. Koordinasyondaki problem kimin sorunu o da belli. Ama bu tweet sahibi gibi malum kişiler, bu büyük emekleri gölgelemeye çalışıyor.",2,"['onaylamama', 'ofke', 'uzuntu']",2,0,306,1,male,person,['AFAD'],1,0,1,0,high,"Tweet, yardım kuruluşlarının koordinasyonunu ve çabalarını övüyor, bu da problem odaklı bir yaklaşım; ayrıca sorumluluk atfı yaparak anlam çıkarıyor."
471,1624927203153657857,2023-02-13 00:23:29,"Artçı depremler bölgede tedirginliğe sebep oluyor fakat anormal bir durum yok 
#artcıdeprem  #deprem #SONDAKIKA",3,['kaygi'],0,0,248,0,male,org,['#deprem'],0,1,0,0,medium,"Tweet, artçı depremlerin tedirginliğe sebep olduğunu belirterek duygusal bir ifade içeriyor."
472,1627824753456062465,2023-02-21 00:17:19,"Sırf 3-5 oy fazla almak için toplumu kutuplaştıran politikacılar, yatacak yeriniz var mı?

Peki ya sizin ayrıştırıcı politik söylemlerinizin ve tonlarca enkazın altından canlı çıkan gerçek insanların?
Siz yine ayrıştırmaya devam edin.

Fakat siz heri iki tarafın grileri birleşin!",4,['ofke'],1,0,44,0,male,person,['enkaz'],0,0,1,0,high,"Tweet, politikacıları eleştirerek toplumsal kutuplaşma ve sorumluluk atfı yapıyor, bu da meaning_making kategorisine girer."
473,1623471794110734336,2023-02-09 00:00:13,"@OguzhanUgur Gökhan Apartmanı No 68 Dulkadiroğlu Milli İrade Parkının karşısı Maraş Merkez Hatice Keleş ve ailesi

@BabalaTv @OguzhanUgur @AFADBaskanlik @DepremDairesi",2,['notr'],1,4,296,0,female,person,['AFAD'],1,0,0,0,high,"Tweet, enkaz koordinatı vererek yardım çağrısında bulunuyor ve bu nedenle problem odaklı başa çıkma kategorisine giriyor."
474,1627832677008084993,2023-02-21 00:48:48,@cumhurbutun @tbbzkrtt @DepremDairesi La at kafası çadır bile alamıyoruz git bul bakalım bi tek sen mi akıllısın ve Afad'in elinde çadır da var biraz ama dağıtım yapmadılar bugüne kadar gerizekalı herif keşke yasasaydin su acimizi da anlasaydin,4,['ofke'],2,0,155,0,female,person,['AFAD'],0,1,1,0,high,"Tweet, duygusal ifadeler ve sorumluluk atfı içeriyor; öfke ve çaresizlik dile getiriliyor."
475,1625609810484797451,2023-02-14 21:35:55,"Bütün haramzadelere sesleniyorum çaldıklarınız insanların hayatlarıdır! yedikleriniz yıkılan şehirleri 10 kere inşaa eder A'dan Z'ye hepiniz aynısınız🚫#YAPMAYIN
#secimlerertelenemez #uzaktanegitimistemiyorum #DevletBahceli #14Subat #vefatsayısı #depremsondakika #depremzede #AFAD",3,['ofke'],0,0,166,0,male,person,"['#deprem', 'AFAD']",0,0,1,0,high,"Tweet, sorumluluk atfı yaparak ahlaki ve toplumsal anlam çıkarma içermektedir."
476,1627821327263334401,2023-02-21 00:03:42,"Dayanma gücü ver, Allahım🙏🏽
#depremzedelere 
#Hatay",4,['uzuntu'],4,0,330,0,male,person,['#deprem'],0,1,0,0,high,"Tweet, dua ederek dayanma gücü istemekte ve duygusal bir ifade içermektedir."
477,1624925568364908546,2023-02-13 00:16:59,Afad ekibi Blue Sky Rescue Team'e afet bölgesinde ki büyük destekleri için teşekkür ziyaretinde bulundu. https://t.co/MAsrpAHyxV,3,['minnet'],1,0,223,0,male,person,['AFAD'],0,1,0,0,high,"Tweet, teşekkür ifadesiyle duygusal bir ifade içeriyor."
478,1624927464324489219,2023-02-13 00:24:31,@once_vatanRte Ya milletin inanmayacağını bildikleri halde neden bunu yapıyorlar. Birileri bunları sürekli bölgeye gönderiyor ama tutmuyor tiyatroları. Acaba yarın hangi parti de sıra merak ediyorum. Enkaz bölgesini miting alanınA cevirdiler,3,"['saskinlik', 'ofke']",0,0,3,0,male,person,['enkaz'],0,0,1,0,high,"Tweet, siyasi eleştiri ve sorumluluk atfı yaparak toplumsal anlam çıkarma içeriyor."
479,1624922874615156741,2023-02-13 00:06:17,"Ölüm çok gerçek değil mi? 
Birisi var, sonra yok.
Hiç olmamış gibi gidiyor. 
Bunun tarifi yok..
#deprem",3,['uzuntu'],8,0,272,0,male,person,['#deprem'],0,1,0,0,high,"Tweet, ölümün gerçekliği ve kaybın tarifi olmayan bir duygu olduğunu ifade ederek duygusal bir tepki veriyor."
480,1623472094339112964,2023-02-09 00:01:24,"#Kahramanmaraş Dulkadiroğlu
Soba ve çadır https://t.co/dlDC8XQDRt",2,['notr'],26,34,13386,0,male,person,['#Kahramanmaraş'],1,0,0,0,high,"Tweet, soba ve çadır ihtiyacını belirterek pratik bir çözüm ve yardım koordinasyonu sağlamaya yönelik bilgi paylaşımı yapmaktadır."
481,1623471901124227072,2023-02-09 00:00:38,@ProfDemirtas ❗️❗️❗️#nurdağı kaç saattir enkazdalar hala ses seda yok Atatürk mahallesi 303 sokak no.9/10 Nurdağı /Gaziantep öğretmen Nurullah Ceylan dan haber alabilen bana ulaşsın @AFADBaskanlik @TC_icisleri @NurdagiKaymakam❗️❗️❗️,2,['notr'],0,1,117,0,male,person,"['enkaz', 'AFAD']",1,0,0,0,high,"Tweet, enkaz altında kalan bir kişi için spesifik bir adres vererek yardım çağrısında bulunuyor, bu da problem odaklı başa çıkma stratejisine girer."
482,1623471997178068993,2023-02-09 00:01:01,"@omerzinho1 @OguzhanUgur @haluklevent @BabalaTv @Haydi_Ahbap @ProfDemirtas @AFADHatay Cebrail mahallesi. Cumhuriyet caddesi. F. Anlar apartmanı. Antakya lisesi ve Antakya ögretmen evi karşısı. Hatay /Antakya 
13 yaşında AHMET EFE ERİNMEZ göçük altında kaldı.
Enkaz başında babası Murat Göztepe var.
0532 062 86 53",2,['uzuntu'],0,0,14,0,female,person,"['enkaz', 'AFAD']",1,0,0,0,high,"Tweet, enkaz altında kalan bir kişi hakkında bilgi vererek yardım koordinasyonu sağlamaya çalışıyor."
483,1624927433332822018,2023-02-13 00:24:24,"BEREN KAYALI

Dünyanın ilk katlanabilir, şişirilebilir su tankını icat eden Beren Kayalı, depremzedelere içme suyu, sanitasyon konusunda yardımcı olmak için onları teslim etmek için yardım arıyor. 

SEVGİLİ ARKADAŞLAR LÜTFEN OKUYUN!!! 
VE LÜTFEN PAYLAŞIN!!!!! https://t.co/9p19MB46Ps",3,['notr'],2801,1226,226619,23,male,person,['deprem yardım'],1,0,0,0,high,"Tweet, depremzedelere içme suyu ve sanitasyon konusunda yardımcı olmak için bir icat ve yardım çağrısı yaparak pratik çözüm sunuyor."
484,1623281248448786432,2023-02-08 11:23:03,"@PincTivi CEBRAİL MAH. 1.BAHÇELİ SK. SENDAG APARTMAN BLOK NO: 1 İÇ KAPI NO: 7 ANTAKYA / HATAY 
Eşref Caner SARAÇ 05076185073 enkaz altında kaldı lütfen yardım edin",1,['notr'],0,0,8,0,male,person,['enkaz'],1,0,0,0,high,"Tweet, enkaz altında kalan bir kişi için yardım çağrısı yaparak pratik bir çözüm sunuyor."
485,1624923488963231746,2023-02-13 00:08:44,2023 özeti Acıyı fırsat bilip Yağma yapan hırsızlık yapan insanlar Misali #uzaylılar #ufotwitter #DEPREMZEDELER #ADIYAMAN #amerika #ufo #istanbul https://t.co/RUm0eqILzr,3,['ofke'],0,0,803,0,male,person,['#deprem'],0,0,1,1,medium,"Tweet, deprem sonrası yağma yapan insanları eleştirerek toplumsal bir anlam çıkarıyor ve uzaylılar gibi alakasız etiketlerle konuyu hafifletiyor."
486,1622517687053176832,2023-02-06 08:48:56,Bu kış şartlarında orada yaşayan insanlara acil barınacak alanlar sağlanmalı tüm ülkede seferberlik ilan edilip bu yıkım en kısa zamanda atlatılarak insanların hayata adapte olmasına yardımcı olmalıyız TÜRKİYE CUMHURİYETİ YIKILMAZ! #DEPREM,1,['ofke'],0,0,333,0,male,person,"['#deprem', 'deprem yardım']",1,0,1,0,high,"Tweet, acil barınma ihtiyacını vurgulayarak pratik çözüm öneriyor ve Türkiye Cumhuriyeti'nin yıkılmazlığı üzerinden toplumsal anlam çıkarıyor."
487,1627821238931300356,2023-02-21 00:03:21,Bu korkunç depremi yaşayanlara elimden gelen yardımı yapmaya çalışıyorum ve İstanbulluyu bekleyen son gerçek anlamda uykularımı kaçırıyor. Ülkecek çok zor zamanlardan geçiyoruz. Sonumuz hayrolsun.,4,"['kaygi', 'uzuntu']",22,2,1561,3,male,person,['deprem yardım'],1,1,0,0,high,"Tweet, yardım etme çabası ve duygusal ifadeler içeriyor."
488,1624923457912725506,2023-02-13 00:08:36,"Durmak yok!!!
@kizilaykadinsur

#pentagon #TikTok #deprem #kizilay #diyarbakir https://t.co/Mu7MbicNys",3,['notr'],4,1,3766,0,male,person,['#deprem'],0,0,0,1,medium,"Tweet, depremle ilgili ciddi bir konuyu hafifletici bir şekilde ele alıyor gibi görünüyor, ancak net bir ironi veya mizah unsuru belirgin değil."
489,1623472261616308226,2023-02-09 00:02:04,"ACELE GÜNCEL TEYİTLİ!!!

BİNADAN BEBEK SESİ GELİYOR!
Ali Genç, Alaz Genç enkaz altında. 
Alaz Genç hamile kanaması var!
Henüz yaşıyorlar!!!

Adres: Ibrahim Karaoğlanoğlu caddesi no:37 İskenderun/Hatay 

Ekipler var fakat acele jeneratör ve termal kamera ihtiyaç varmış!!! #acil",2,['notr'],8,26,1654,0,male,org,['enkaz'],1,0,0,0,high,"Tweet, enkaz altındaki kişilerin kurtarılması için acil ekipman ihtiyacını belirterek pratik çözüm öneriyor."
490,1627822447960498176,2023-02-21 00:08:09,"#DEPREM
*
Büyüklük:3.8 (Mw)
Yer:Nurhak (Kahramanmaraş)
Tarih:2023-02-21
Saat:03:01:00 TSİ
Enlem:38.009 N
Boylam:37.425 E
Derinlik:5 km
Detay:https://t.co/J6XNiJoOp9
@afadbaskanlik @trthaber @anadoluajansi",4,['notr'],326,19,198698,12,male,org,"['#deprem', 'AFAD']",1,0,0,0,high,"Tweet, depremle ilgili bilgi paylaşımı yaparak pratik çözüm sunuyor."
491,1622405622376316929,2023-02-06 01:23:37,"Şuan DEPREM OLUYOR GERÇEKTEN FENA SALLANDI
NEVŞEHİR 
#DEPREMOLDU",1,['notr'],6,0,1204,1,male,person,['#deprem'],0,1,0,0,high,"Tweet, deprem anında yaşanan korku ve çaresizlik duygusunu ifade ediyor."
492,1627822732485197826,2023-02-21 00:09:17,"İstanbul, her yönden Türkiye'nin kalbidir.
Yatırım, sanayi, teknoloji ve insan gücü...
İstanbul'un durumu ulusal güvenlik sorunudur. 
İstanbul'da önlem alınmazsa ülke olarak telafisi olmayan durumlarla karşılaşırız.
#İstanbul #TSK #AFAD",4,['kaygi'],25,10,2503,0,male,person,['AFAD'],0,0,1,0,high,"Tweet, İstanbul'un önemine vurgu yaparak ulusal güvenlik sorunu olarak değerlendiriyor ve önlem alınması gerektiğini belirtiyor, bu da toplumsal anlam çıkarma kategorisine girer."
493,1622416768827269121,2023-02-06 02:07:55,"Merkezi #Kahramanmaraş ilimizin #Pazarcık ilçesi olan ve nerdeyse tüm Anadolu'da hissedilen,AFAD verilerine göre 7,4 büyüklüğündeki depremden etkilenen tüm  vatandaşlarımıza geçmiş olsun. 
Allah ülkemizi ve milletimizi tüm afetlerden korusun.
#Deprem",1,['notr'],4,0,1854,0,male,person,"['#deprem', '#Kahramanmaraş', 'AFAD']",0,1,0,0,high,"Tweet, depremden etkilenenlere geçmiş olsun dilekleri ve dua içerdiği için duygusal odaklıdır."
494,1623806535800352768,2023-02-09 22:10:21,"Yazmayayım diyorum ama olmuyor, arkadaşlar enkazdan çıkan insanların yüzünü bedenini canlı yayında paylaşmak, mikrofon uzatmak vs bunlar doğru mu? Bu insanlar veya çocuklar yarın bu travmaları nasıl atlatacak? Bunun kime ne faydası var?",2,"['ofke', 'onaylamama']",5518,659,227855,95,male,person,['enkaz'],0,0,1,0,high,"Tweet, medya etiği ve travma sonrası etkiler üzerine sorgulama yaparak toplumsal bir anlam çıkarma çabası içeriyor."
495,1622405661114961921,2023-02-06 01:23:47,"Adana'da çok şiddetli #deprem
Allah korusun...",1,['notr'],1,0,664,0,male,person,['#deprem'],0,1,0,0,high,"Tweet, korku ve dua içeren duygusal bir ifade barındırıyor."
496,1622468760199110656,2023-02-06 05:34:31,"@Omer_San @DepremDairesi @AFADBaskanlik Arkadaşım orada, ben değil.",1,['notr'],1,0,22,1,male,person,['AFAD'],0,0,0,1,medium,"Tweet, konuyu hafifletme veya mesafe koyma ifadesi içeriyor."
497,1624924840552456195,2023-02-13 00:14:06,"Geceleri bir ben'mi uyuyamıyorum ya her an şey olacak diye.🤦🏻‍♀️
#deprem 
#kesfet",3,"['kaygi', 'uzuntu']",1,0,238,0,female,person,['#deprem'],0,1,0,0,high,"Tweet, deprem korkusu ve uyuyamama gibi duygusal ifadeler içeriyor."
498,1624926901084082176,2023-02-13 00:22:17,Milletimizin başı sağolsun. AFET kahramanlarına selam olsun. #deprem ##DevletMilletElele https://t.co/mGQ9FRNEIo,3,"['uzuntu', 'minnet']",0,0,107,0,male,person,['#deprem'],0,1,0,0,high,"Tweet, yas ve şükran ifadeleri içeriyor, bu nedenle emotion_focused kategorisine giriyor."
499,1627830861411364865,2023-02-21 00:41:35,@Kandilli_info Bingöl Erzincan Erzurum ve yakın illerde deprem olursa 4 saat içinde geldiniz geldiniz sonrasında gelmeyin yardıma falan çünkü hava buz gibi enkazda ölmeyen soğuktan ölür.,4,['kaygi'],65,5,9245,6,female,person,"['deprem yardım', 'enkaz']",1,0,0,0,high,"Tweet, deprem sonrası yardımın hızlı gelmesi gerektiğini vurgulayarak pratik bir çözüm öneriyor."
500,1622421609058377729,2023-02-06 02:27:09,"Adana’da durum çok ciddi, yıkılan binalar  var, lütfen hatları meşgul etmeyelim. 
#deprem 
#Adana https://t.co/rdAFGiE9On",1,['notr'],118,45,65624,5,male,person,['#deprem'],1,0,0,0,high,"Tweet, hatların meşgul edilmemesi gerektiğini belirterek pratik bir çözüm öneriyor."
